,elapsedTime,v5,mlii
0,0.0,-0.145,-0.065
1,0.003,-0.145,-0.065
2,0.006,-0.145,-0.065
3,0.008,-0.145,-0.065
4,0.011000000000000001,-0.145,-0.065
5,0.013999999999999999,-0.145,-0.065
6,0.017,-0.145,-0.065
7,0.019,-0.145,-0.065
8,0.022000000000000002,-0.12,-0.08
9,0.025,-0.135,-0.08
10,0.027999999999999997,-0.145,-0.085
11,0.031,-0.15,-0.085
12,0.033,-0.16,-0.075
13,0.036000000000000004,-0.155,-0.07
14,0.039,-0.16,-0.07
15,0.042,-0.175,-0.065
16,0.044000000000000004,-0.18,-0.055
17,0.047,-0.185,-0.05
18,0.05,-0.17,-0.05
19,0.053,-0.155,-0.04
20,0.055999999999999994,-0.175,-0.04
21,0.057999999999999996,-0.18,-0.055
22,0.061,-0.19,-0.075
23,0.064,-0.18,-0.08
24,0.067,-0.155,-0.085
25,0.069,-0.135,-0.07
26,0.07200000000000001,-0.155,-0.08
27,0.075,-0.19,-0.08
28,0.078,-0.205,-0.09
29,0.081,-0.235,-0.095
30,0.083,-0.225,-0.09
31,0.086,-0.245,-0.095
32,0.08900000000000001,-0.25,-0.11
33,0.092,-0.26,-0.12
34,0.094,-0.275,-0.145
35,0.09699999999999999,-0.275,-0.135
36,0.1,-0.275,-0.105
37,0.10300000000000001,-0.265,-0.095
38,0.106,-0.255,-0.105
39,0.10800000000000001,-0.265,-0.12
40,0.111,-0.275,-0.135
41,0.114,-0.29,-0.125
42,0.11699999999999999,-0.29,-0.125
43,0.11900000000000001,-0.29,-0.115
44,0.122,-0.29,-0.115
45,0.125,-0.285,-0.125
46,0.128,-0.295,-0.14
47,0.131,-0.305,-0.14
48,0.133,-0.285,-0.13
49,0.136,-0.275,-0.125
50,0.139,-0.275,-0.14
51,0.142,-0.28,-0.145
52,0.14400000000000002,-0.285,-0.15
53,0.147,-0.305,-0.15
54,0.15,-0.29,-0.13
55,0.153,-0.3,-0.115
56,0.156,-0.28,-0.125
57,0.158,-0.29,-0.135
58,0.161,-0.3,-0.16
59,0.16399999999999998,-0.315,-0.195
60,0.16699999999999998,-0.32,-0.2
61,0.16899999999999998,-0.335,-0.205
62,0.172,-0.36,-0.225
63,0.175,-0.385,-0.255
64,0.17800000000000002,-0.385,-0.3
65,0.18100000000000002,-0.405,-0.29
66,0.183,-0.455,-0.235
67,0.18600000000000003,-0.485,-0.13
68,0.18899999999999997,-0.485,-0.035
69,0.192,-0.425,0.05
70,0.19399999999999998,-0.33,0.12
71,0.19699999999999998,-0.22,0.2
72,0.2,-0.07,0.31
73,0.203,0.12,0.435
74,0.20600000000000002,0.375,0.535
75,0.20800000000000002,0.62,0.58
76,0.21100000000000002,0.78,0.475
77,0.214,0.84,0.21
78,0.217,0.765,-0.085
79,0.21899999999999997,0.52,-0.23
80,0.222,0.17,-0.25
81,0.225,-0.165,-0.215
82,0.228,-0.365,-0.18
83,0.231,-0.435,-0.185
84,0.233,-0.425,-0.16
85,0.23600000000000002,-0.37,-0.15
86,0.239,-0.33,-0.15
87,0.242,-0.325,-0.18
88,0.244,-0.335,-0.18
89,0.247,-0.345,-0.16
90,0.25,-0.33,-0.165
91,0.253,-0.325,-0.17
92,0.256,-0.315,-0.165
93,0.258,-0.31,-0.185
94,0.261,-0.32,-0.185
95,0.264,-0.335,-0.185
96,0.267,-0.34,-0.17
97,0.26899999999999996,-0.325,-0.16
98,0.272,-0.345,-0.155
99,0.275,-0.335,-0.175
100,0.278,-0.33,-0.195
101,0.281,-0.335,-0.185
102,0.28300000000000003,-0.33,-0.185
103,0.28600000000000003,-0.325,-0.175
104,0.289,-0.33,-0.175
105,0.292,-0.33,-0.195
106,0.294,-0.345,-0.19
107,0.297,-0.355,-0.18
108,0.3,-0.335,-0.165
109,0.303,-0.325,-0.17
110,0.306,-0.305,-0.17
111,0.308,-0.32,-0.17
112,0.311,-0.32,-0.19
113,0.314,-0.33,-0.185
114,0.317,-0.34,-0.18
115,0.319,-0.335,-0.17
116,0.322,-0.34,-0.175
117,0.325,-0.345,-0.19
118,0.32799999999999996,-0.355,-0.2
119,0.331,-0.355,-0.195
120,0.33299999999999996,-0.34,-0.185
121,0.336,-0.33,-0.17
122,0.33899999999999997,-0.33,-0.17
123,0.342,-0.33,-0.185
124,0.344,-0.34,-0.195
125,0.34700000000000003,-0.35,-0.175
126,0.35,-0.325,-0.2
127,0.353,-0.325,-0.185
128,0.35600000000000004,-0.33,-0.18
129,0.358,-0.33,-0.185
130,0.361,-0.335,-0.205
131,0.364,-0.335,-0.19
132,0.36700000000000005,-0.34,-0.18
133,0.369,-0.33,-0.185
134,0.37200000000000005,-0.34,-0.2
135,0.375,-0.35,-0.215
136,0.37799999999999995,-0.355,-0.205
137,0.381,-0.35,-0.21
138,0.38299999999999995,-0.345,-0.2
139,0.386,-0.33,-0.185
140,0.389,-0.32,-0.205
141,0.392,-0.335,-0.2
142,0.39399999999999996,-0.33,-0.21
143,0.397,-0.345,-0.205
144,0.4,-0.33,-0.185
145,0.40299999999999997,-0.335,-0.185
146,0.406,-0.335,-0.2
147,0.408,-0.345,-0.215
148,0.41100000000000003,-0.345,-0.225
149,0.414,-0.355,-0.22
150,0.41700000000000004,-0.34,-0.2
151,0.419,-0.34,-0.2
152,0.42200000000000004,-0.335,-0.215
153,0.425,-0.33,-0.225
154,0.428,-0.35,-0.235
155,0.431,-0.35,-0.245
156,0.433,-0.345,-0.24
157,0.436,-0.335,-0.24
158,0.439,-0.335,-0.24
159,0.442,-0.335,-0.245
160,0.444,-0.35,-0.26
161,0.447,-0.355,-0.26
162,0.45,-0.355,-0.265
163,0.45299999999999996,-0.345,-0.265
164,0.456,-0.345,-0.28
165,0.45799999999999996,-0.335,-0.285
166,0.461,-0.35,-0.295
167,0.46399999999999997,-0.36,-0.295
168,0.467,-0.36,-0.3
169,0.469,-0.36,-0.29
170,0.47200000000000003,-0.365,-0.3
171,0.475,-0.36,-0.315
172,0.478,-0.37,-0.315
173,0.48100000000000004,-0.385,-0.315
174,0.483,-0.37,-0.315
175,0.486,-0.36,-0.31
176,0.489,-0.355,-0.31
177,0.49200000000000005,-0.36,-0.325
178,0.494,-0.375,-0.33
179,0.49700000000000005,-0.375,-0.325
180,0.5,-0.365,-0.315
181,0.503,-0.365,-0.305
182,0.506,-0.36,-0.305
183,0.508,-0.36,-0.29
184,0.511,-0.365,-0.29
185,0.514,-0.37,-0.275
186,0.517,-0.355,-0.27
187,0.519,-0.33,-0.245
188,0.522,-0.325,-0.24
189,0.525,-0.325,-0.25
190,0.528,-0.335,-0.25
191,0.531,-0.34,-0.235
192,0.5329999999999999,-0.315,-0.22
193,0.536,-0.3,-0.195
194,0.539,-0.3,-0.19
195,0.542,-0.29,-0.19
196,0.544,-0.295,-0.19
197,0.547,-0.29,-0.18
198,0.55,-0.285,-0.16
199,0.5529999999999999,-0.275,-0.145
200,0.556,-0.255,-0.15
201,0.5579999999999999,-0.25,-0.16
202,0.561,-0.25,-0.16
203,0.564,-0.265,-0.155
204,0.5670000000000001,-0.255,-0.145
205,0.569,-0.245,-0.14
206,0.5720000000000001,-0.23,-0.16
207,0.575,-0.245,-0.15
208,0.578,-0.245,-0.175
209,0.581,-0.255,-0.17
210,0.583,-0.255,-0.16
211,0.586,-0.24,-0.16
212,0.589,-0.25,-0.15
213,0.5920000000000001,-0.255,-0.155
214,0.594,-0.245,-0.16
215,0.597,-0.255,-0.17
216,0.6,-0.25,-0.155
217,0.603,-0.25,-0.155
218,0.606,-0.265,-0.15
219,0.608,-0.26,-0.165
220,0.611,-0.26,-0.175
221,0.614,-0.265,-0.165
222,0.617,-0.27,-0.165
223,0.619,-0.265,-0.16
224,0.622,-0.26,-0.16
225,0.625,-0.275,-0.18
226,0.628,-0.28,-0.175
227,0.631,-0.29,-0.185
228,0.633,-0.275,-0.165
229,0.636,-0.27,-0.15
230,0.639,-0.26,-0.15
231,0.642,-0.28,-0.17
232,0.644,-0.28,-0.185
233,0.647,-0.285,-0.195
234,0.65,-0.275,-0.19
235,0.653,-0.275,-0.19
236,0.6559999999999999,-0.265,-0.185
237,0.6579999999999999,-0.27,-0.19
238,0.6609999999999999,-0.285,-0.21
239,0.664,-0.29,-0.195
240,0.667,-0.28,-0.19
241,0.669,-0.275,-0.18
242,0.672,-0.285,-0.205
243,0.675,-0.28,-0.215
244,0.6779999999999999,-0.3,-0.225
245,0.6809999999999999,-0.3,-0.21
246,0.6829999999999999,-0.305,-0.205
247,0.6859999999999999,-0.295,-0.195
248,0.6890000000000001,-0.3,-0.2
249,0.6920000000000001,-0.31,-0.195
250,0.6940000000000001,-0.31,-0.21
251,0.6970000000000001,-0.305,-0.215
252,0.7,-0.295,-0.205
253,0.703,-0.285,-0.185
254,0.706,-0.285,-0.195
255,0.708,-0.29,-0.195
256,0.711,-0.295,-0.22
257,0.7140000000000001,-0.31,-0.22
258,0.7170000000000001,-0.29,-0.21
259,0.7190000000000001,-0.295,-0.215
260,0.722,-0.3,-0.22
261,0.725,-0.305,-0.22
262,0.728,-0.31,-0.225
263,0.731,-0.325,-0.21
264,0.733,-0.31,-0.2
265,0.736,-0.3,-0.21
266,0.7390000000000001,-0.29,-0.225
267,0.742,-0.31,-0.23
268,0.7440000000000001,-0.325,-0.225
269,0.747,-0.33,-0.22
270,0.75,-0.315,-0.23
271,0.753,-0.3,-0.21
272,0.7559999999999999,-0.305,-0.215
273,0.758,-0.31,-0.215
274,0.7609999999999999,-0.32,-0.23
275,0.764,-0.33,-0.215
276,0.767,-0.325,-0.22
277,0.769,-0.315,-0.205
278,0.772,-0.31,-0.205
279,0.775,-0.305,-0.21
280,0.778,-0.305,-0.215
281,0.7809999999999999,-0.31,-0.225
282,0.7829999999999999,-0.3,-0.215
283,0.7859999999999999,-0.305,-0.215
284,0.789,-0.29,-0.215
285,0.792,-0.3,-0.225
286,0.794,-0.3,-0.225
287,0.797,-0.305,-0.225
288,0.8,-0.305,-0.205
289,0.8029999999999999,-0.29,-0.195
290,0.8059999999999999,-0.28,-0.21
291,0.8079999999999999,-0.295,-0.21
292,0.8109999999999999,-0.305,-0.215
293,0.8140000000000001,-0.315,-0.235
294,0.8170000000000001,-0.305,-0.23
295,0.8190000000000001,-0.295,-0.22
296,0.8220000000000001,-0.29,-0.22
297,0.825,-0.28,-0.23
298,0.828,-0.27,-0.225
299,0.831,-0.275,-0.23
300,0.833,-0.275,-0.215
301,0.836,-0.27,-0.195
302,0.8390000000000001,-0.25,-0.195
303,0.8420000000000001,-0.25,-0.19
304,0.8440000000000001,-0.255,-0.2
305,0.847,-0.225,-0.195
306,0.85,-0.22,-0.18
307,0.853,-0.205,-0.17
308,0.856,-0.2,-0.18
309,0.858,-0.205,-0.175
310,0.861,-0.215,-0.195
311,0.8640000000000001,-0.23,-0.195
312,0.867,-0.22,-0.17
313,0.8690000000000001,-0.225,-0.175
314,0.872,-0.225,-0.175
315,0.875,-0.225,-0.18
316,0.878,-0.23,-0.185
317,0.8809999999999999,-0.235,-0.185
318,0.883,-0.24,-0.175
319,0.8859999999999999,-0.235,-0.175
320,0.889,-0.22,-0.175
321,0.892,-0.21,-0.19
322,0.894,-0.205,-0.205
323,0.897,-0.245,-0.2
324,0.9,-0.285,-0.205
325,0.903,-0.285,-0.205
326,0.9059999999999999,-0.3,-0.215
327,0.9079999999999999,-0.31,-0.215
328,0.9109999999999999,-0.33,-0.225
329,0.914,-0.33,-0.215
330,0.917,-0.325,-0.21
331,0.919,-0.315,-0.2
332,0.922,-0.32,-0.215
333,0.925,-0.315,-0.225
334,0.9279999999999999,-0.325,-0.245
335,0.9309999999999999,-0.34,-0.245
336,0.9329999999999999,-0.345,-0.25
337,0.9359999999999999,-0.34,-0.225
338,0.9390000000000001,-0.34,-0.23
339,0.9420000000000001,-0.35,-0.235
340,0.9440000000000001,-0.345,-0.24
341,0.9470000000000001,-0.355,-0.235
342,0.95,-0.33,-0.235
343,0.953,-0.335,-0.22
344,0.956,-0.33,-0.23
345,0.958,-0.32,-0.24
346,0.961,-0.345,-0.24
347,0.9640000000000001,-0.355,-0.245
348,0.9670000000000001,-0.34,-0.225
349,0.9690000000000001,-0.33,-0.225
350,0.972,-0.325,-0.235
351,0.975,-0.33,-0.25
352,0.978,-0.35,-0.27
353,0.981,-0.365,-0.28
354,0.983,-0.36,-0.29
355,0.986,-0.38,-0.3
356,0.9890000000000001,-0.425,-0.33
357,0.992,-0.445,-0.36
358,0.9940000000000001,-0.475,-0.355
359,0.997,-0.51,-0.305
360,1.0,-0.535,-0.205
361,1.003,-0.505,-0.08
362,1.006,-0.415,0.015
363,1.008,-0.3,0.065
364,1.011,-0.16,0.115
365,1.014,-0.015,0.19
366,1.0170000000000001,0.235,0.3
367,1.0190000000000001,0.49,0.41
368,1.022,0.72,0.495
369,1.025,0.875,0.485
370,1.028,0.94,0.36
371,1.031,0.905,0.105
372,1.033,0.755,-0.165
373,1.036,0.49,-0.35
374,1.0390000000000001,0.165,-0.45
375,1.042,-0.11,-0.47
376,1.044,-0.27,-0.45
377,1.047,-0.39,-0.395
378,1.05,-0.45,-0.345
379,1.053,-0.475,-0.31
380,1.056,-0.455,-0.295
381,1.058,-0.425,-0.285
382,1.061,-0.39,-0.295
383,1.064,-0.39,-0.295
384,1.067,-0.385,-0.28
385,1.069,-0.39,-0.285
386,1.072,-0.38,-0.285
387,1.075,-0.38,-0.285
388,1.078,-0.38,-0.29
389,1.081,-0.395,-0.275
390,1.083,-0.385,-0.275
391,1.0859999999999999,-0.385,-0.275
392,1.089,-0.385,-0.27
393,1.092,-0.375,-0.285
394,1.094,-0.395,-0.295
395,1.097,-0.41,-0.29
396,1.1,-0.41,-0.275
397,1.103,-0.4,-0.265
398,1.1059999999999999,-0.395,-0.265
399,1.1079999999999999,-0.39,-0.275
400,1.111,-0.405,-0.295
401,1.114,-0.395,-0.29
402,1.117,-0.385,-0.285
403,1.119,-0.375,-0.27
404,1.122,-0.39,-0.265
405,1.125,-0.39,-0.275
406,1.128,-0.405,-0.28
407,1.131,-0.41,-0.28
408,1.133,-0.41,-0.27
409,1.136,-0.39,-0.265
410,1.139,-0.39,-0.27
411,1.1420000000000001,-0.395,-0.27
412,1.1440000000000001,-0.405,-0.28
413,1.147,-0.415,-0.27
414,1.15,-0.4,-0.265
415,1.153,-0.41,-0.265
416,1.156,-0.405,-0.265
417,1.158,-0.41,-0.27
418,1.161,-0.415,-0.285
419,1.1640000000000001,-0.41,-0.285
420,1.167,-0.4,-0.265
421,1.169,-0.4,-0.265
422,1.172,-0.395,-0.255
423,1.175,-0.39,-0.275
424,1.178,-0.405,-0.275
425,1.181,-0.41,-0.28
426,1.183,-0.39,-0.27
427,1.186,-0.39,-0.265
428,1.189,-0.385,-0.275
429,1.192,-0.385,-0.285
430,1.194,-0.41,-0.28
431,1.197,-0.405,-0.28
432,1.2,-0.395,-0.275
433,1.203,-0.39,-0.275
434,1.206,-0.375,-0.275
435,1.208,-0.39,-0.285
436,1.2109999999999999,-0.395,-0.295
437,1.214,-0.41,-0.295
438,1.217,-0.4,-0.275
439,1.219,-0.39,-0.275
440,1.222,-0.39,-0.285
441,1.225,-0.385,-0.29
442,1.228,-0.405,-0.315
443,1.2309999999999999,-0.415,-0.315
444,1.2329999999999999,-0.415,-0.305
445,1.236,-0.4,-0.29
446,1.239,-0.395,-0.31
447,1.242,-0.405,-0.32
448,1.244,-0.415,-0.32
449,1.247,-0.42,-0.335
450,1.25,-0.42,-0.33
451,1.253,-0.41,-0.325
452,1.256,-0.415,-0.345
453,1.258,-0.425,-0.35
454,1.261,-0.42,-0.365
455,1.264,-0.435,-0.37
456,1.2670000000000001,-0.43,-0.355
457,1.2690000000000001,-0.43,-0.36
458,1.272,-0.42,-0.37
459,1.275,-0.43,-0.39
460,1.278,-0.45,-0.395
461,1.281,-0.455,-0.4
462,1.2830000000000001,-0.45,-0.39
463,1.286,-0.435,-0.385
464,1.2890000000000001,-0.445,-0.39
465,1.2919999999999998,-0.45,-0.4
466,1.294,-0.455,-0.41
467,1.297,-0.47,-0.42
468,1.3,-0.46,-0.405
469,1.3030000000000002,-0.455,-0.41
470,1.306,-0.45,-0.41
471,1.308,-0.455,-0.4
472,1.311,-0.47,-0.405
473,1.314,-0.475,-0.39
474,1.317,-0.46,-0.385
475,1.319,-0.45,-0.365
476,1.3219999999999998,-0.445,-0.355
477,1.325,-0.44,-0.345
478,1.328,-0.435,-0.355
479,1.331,-0.44,-0.33
480,1.3330000000000002,-0.41,-0.295
481,1.3359999999999999,-0.395,-0.275
482,1.339,-0.37,-0.27
483,1.3419999999999999,-0.365,-0.26
484,1.344,-0.36,-0.265
485,1.347,-0.365,-0.265
486,1.35,-0.34,-0.245
487,1.3530000000000002,-0.325,-0.225
488,1.3559999999999999,-0.315,-0.21
489,1.358,-0.32,-0.215
490,1.361,-0.33,-0.215
491,1.364,-0.33,-0.205
492,1.367,-0.32,-0.195
493,1.369,-0.31,-0.185
494,1.3719999999999999,-0.3,-0.185
495,1.375,-0.3,-0.195
496,1.3780000000000001,-0.32,-0.195
497,1.381,-0.32,-0.195
498,1.383,-0.315,-0.185
499,1.386,-0.305,-0.17
500,1.389,-0.305,-0.185
501,1.392,-0.295,-0.195
502,1.3940000000000001,-0.32,-0.195
503,1.3969999999999998,-0.33,-0.195
504,1.4,-0.305,-0.185
505,1.403,-0.31,-0.175
506,1.406,-0.3,-0.175
507,1.4080000000000001,-0.3,-0.185
508,1.411,-0.32,-0.195
509,1.4140000000000001,-0.325,-0.195
510,1.4169999999999998,-0.31,-0.195
511,1.419,-0.305,-0.18
512,1.422,-0.315,-0.185
513,1.425,-0.305,-0.19
514,1.4280000000000002,-0.315,-0.195
515,1.431,-0.315,-0.195
516,1.433,-0.31,-0.19
517,1.436,-0.295,-0.185
518,1.439,-0.29,-0.185
519,1.442,-0.305,-0.19
520,1.444,-0.31,-0.2
521,1.4469999999999998,-0.32,-0.215
522,1.45,-0.315,-0.195
523,1.453,-0.3,-0.185
524,1.456,-0.315,-0.185
525,1.4580000000000002,-0.315,-0.185
526,1.4609999999999999,-0.315,-0.2
527,1.464,-0.33,-0.205
528,1.4669999999999999,-0.315,-0.19
529,1.469,-0.32,-0.19
530,1.472,-0.315,-0.2
531,1.475,-0.325,-0.2
532,1.4780000000000002,-0.335,-0.195
533,1.4809999999999999,-0.34,-0.22
534,1.483,-0.335,-0.205
535,1.486,-0.335,-0.19
536,1.489,-0.33,-0.2
537,1.492,-0.325,-0.22
538,1.494,-0.345,-0.23
539,1.4969999999999999,-0.35,-0.21
540,1.5,-0.345,-0.205
541,1.5030000000000001,-0.335,-0.2
542,1.506,-0.33,-0.195
543,1.508,-0.33,-0.22
544,1.511,-0.345,-0.225
545,1.514,-0.345,-0.225
546,1.517,-0.345,-0.215
547,1.5190000000000001,-0.32,-0.205
548,1.5219999999999998,-0.33,-0.205
549,1.525,-0.335,-0.215
550,1.528,-0.34,-0.225
551,1.531,-0.355,-0.22
552,1.5330000000000001,-0.335,-0.225
553,1.536,-0.33,-0.195
554,1.5390000000000001,-0.33,-0.215
555,1.5419999999999998,-0.335,-0.22
556,1.544,-0.355,-0.215
557,1.547,-0.36,-0.225
558,1.55,-0.355,-0.215
559,1.5530000000000002,-0.35,-0.21
560,1.556,-0.34,-0.21
561,1.558,-0.345,-0.225
562,1.561,-0.345,-0.23
563,1.564,-0.345,-0.22
564,1.567,-0.345,-0.21
565,1.569,-0.33,-0.205
566,1.5719999999999998,-0.33,-0.2
567,1.575,-0.335,-0.205
568,1.578,-0.345,-0.22
569,1.581,-0.35,-0.23
570,1.5830000000000002,-0.35,-0.215
571,1.5859999999999999,-0.34,-0.205
572,1.589,-0.33,-0.2
573,1.5919999999999999,-0.345,-0.23
574,1.594,-0.345,-0.22
575,1.597,-0.355,-0.215
576,1.6,-0.35,-0.205
577,1.6030000000000002,-0.34,-0.2
578,1.6059999999999999,-0.33,-0.205
579,1.608,-0.34,-0.22
580,1.611,-0.34,-0.22
581,1.614,-0.34,-0.225
582,1.617,-0.33,-0.205
583,1.619,-0.335,-0.2
584,1.6219999999999999,-0.33,-0.2
585,1.625,-0.335,-0.21
586,1.6280000000000001,-0.345,-0.23
587,1.631,-0.345,-0.215
588,1.633,-0.34,-0.2
589,1.636,-0.33,-0.2
590,1.639,-0.315,-0.205
591,1.642,-0.295,-0.21
592,1.6440000000000001,-0.3,-0.215
593,1.6469999999999998,-0.295,-0.22
594,1.65,-0.285,-0.205
595,1.653,-0.275,-0.2
596,1.656,-0.265,-0.195
597,1.6580000000000001,-0.265,-0.205
598,1.661,-0.265,-0.205
599,1.6640000000000001,-0.255,-0.205
600,1.6669999999999998,-0.25,-0.18
601,1.669,-0.24,-0.17
602,1.672,-0.225,-0.19
603,1.675,-0.215,-0.19
604,1.6780000000000002,-0.24,-0.2
605,1.681,-0.245,-0.185
606,1.683,-0.24,-0.165
607,1.686,-0.245,-0.145
608,1.689,-0.235,-0.145
609,1.692,-0.245,-0.17
610,1.694,-0.25,-0.175
611,1.6969999999999998,-0.275,-0.17
612,1.7,-0.275,-0.165
613,1.703,-0.265,-0.15
614,1.706,-0.25,-0.16
615,1.7080000000000002,-0.225,-0.175
616,1.7109999999999999,-0.22,-0.19
617,1.714,-0.23,-0.19
618,1.7169999999999999,-0.265,-0.185
619,1.719,-0.27,-0.185
620,1.722,-0.28,-0.175
621,1.725,-0.285,-0.195
622,1.7280000000000002,-0.305,-0.215
623,1.7309999999999999,-0.32,-0.205
624,1.733,-0.34,-0.2
625,1.736,-0.33,-0.195
626,1.739,-0.335,-0.205
627,1.742,-0.335,-0.21
628,1.744,-0.355,-0.22
629,1.7469999999999999,-0.37,-0.215
630,1.75,-0.36,-0.21
631,1.7530000000000001,-0.345,-0.205
632,1.756,-0.35,-0.2
633,1.758,-0.355,-0.21
634,1.761,-0.365,-0.22
635,1.764,-0.375,-0.22
636,1.767,-0.38,-0.22
637,1.7690000000000001,-0.37,-0.2
638,1.7719999999999998,-0.365,-0.205
639,1.775,-0.365,-0.215
640,1.778,-0.38,-0.225
641,1.781,-0.385,-0.22
642,1.7830000000000001,-0.38,-0.215
643,1.786,-0.375,-0.205
644,1.7890000000000001,-0.355,-0.22
645,1.7919999999999998,-0.37,-0.225
646,1.794,-0.39,-0.24
647,1.797,-0.405,-0.26
648,1.8,-0.41,-0.28
649,1.8030000000000002,-0.435,-0.3
650,1.806,-0.465,-0.345
651,1.808,-0.49,-0.375
652,1.811,-0.52,-0.345
653,1.814,-0.555,-0.26
654,1.817,-0.57,-0.125
655,1.819,-0.525,0.025
656,1.8219999999999998,-0.405,0.145
657,1.825,-0.25,0.26
658,1.828,-0.09,0.375
659,1.831,0.12,0.505
660,1.8330000000000002,0.41,0.635
661,1.8359999999999999,0.69,0.705
662,1.839,0.885,0.61
663,1.8419999999999999,0.96,0.32
664,1.844,0.85,-0.045
665,1.847,0.52,-0.25
666,1.85,0.05,-0.27
667,1.8530000000000002,-0.32,-0.24
668,1.8559999999999999,-0.5,-0.24
669,1.858,-0.505,-0.25
670,1.861,-0.445,-0.255
671,1.864,-0.415,-0.245
672,1.867,-0.395,-0.245
673,1.869,-0.39,-0.245
674,1.8719999999999999,-0.395,-0.255
675,1.875,-0.39,-0.26
676,1.8780000000000001,-0.395,-0.26
677,1.881,-0.405,-0.27
678,1.883,-0.395,-0.245
679,1.886,-0.405,-0.245
680,1.889,-0.39,-0.25
681,1.892,-0.395,-0.265
682,1.8940000000000001,-0.395,-0.27
683,1.8969999999999998,-0.41,-0.27
684,1.9,-0.405,-0.265
685,1.903,-0.4,-0.26
686,1.906,-0.4,-0.26
687,1.9080000000000001,-0.415,-0.27
688,1.911,-0.405,-0.28
689,1.9140000000000001,-0.42,-0.28
690,1.9169999999999998,-0.415,-0.27
691,1.919,-0.405,-0.255
692,1.922,-0.405,-0.265
693,1.925,-0.42,-0.28
694,1.9280000000000002,-0.42,-0.29
695,1.931,-0.435,-0.275
696,1.933,-0.42,-0.265
697,1.936,-0.41,-0.255
698,1.939,-0.41,-0.26
699,1.942,-0.405,-0.26
700,1.944,-0.425,-0.28
701,1.9469999999999998,-0.43,-0.28
702,1.95,-0.42,-0.265
703,1.953,-0.415,-0.26
704,1.956,-0.41,-0.255
705,1.9580000000000002,-0.41,-0.26
706,1.9609999999999999,-0.425,-0.275
707,1.964,-0.42,-0.27
708,1.9669999999999999,-0.4,-0.275
709,1.969,-0.395,-0.265
710,1.972,-0.4,-0.265
711,1.975,-0.4,-0.27
712,1.9780000000000002,-0.395,-0.28
713,1.9809999999999999,-0.415,-0.285
714,1.983,-0.405,-0.28
715,1.986,-0.39,-0.255
716,1.989,-0.4,-0.27
717,1.992,-0.4,-0.28
718,1.994,-0.415,-0.29
719,1.9969999999999999,-0.425,-0.29
720,2.0,-0.425,-0.27
721,2.003,-0.415,-0.27
722,2.006,-0.415,-0.285
723,2.008,-0.41,-0.3
724,2.011,-0.425,-0.3
725,2.0140000000000002,-0.425,-0.3
726,2.017,-0.42,-0.295
727,2.019,-0.415,-0.275
728,2.022,-0.4,-0.295
729,2.025,-0.4,-0.3
730,2.028,-0.41,-0.31
731,2.031,-0.425,-0.31
732,2.033,-0.41,-0.315
733,2.036,-0.405,-0.31
734,2.039,-0.395,-0.31
735,2.042,-0.4,-0.335
736,2.044,-0.4,-0.345
737,2.0469999999999997,-0.405,-0.355
738,2.05,-0.385,-0.35
739,2.053,-0.4,-0.345
740,2.056,-0.39,-0.36
741,2.0580000000000003,-0.39,-0.37
742,2.061,-0.4,-0.375
743,2.064,-0.415,-0.385
744,2.0669999999999997,-0.405,-0.37
745,2.069,-0.405,-0.37
746,2.072,-0.41,-0.385
747,2.075,-0.415,-0.4
748,2.0780000000000003,-0.42,-0.415
749,2.081,-0.42,-0.405
750,2.083,-0.425,-0.41
751,2.086,-0.415,-0.39
752,2.089,-0.415,-0.405
753,2.092,-0.41,-0.41
754,2.094,-0.435,-0.425
755,2.097,-0.43,-0.42
756,2.1,-0.435,-0.41
757,2.103,-0.42,-0.405
758,2.106,-0.42,-0.4
759,2.108,-0.42,-0.4
760,2.1109999999999998,-0.42,-0.405
761,2.114,-0.425,-0.385
762,2.117,-0.425,-0.365
763,2.119,-0.415,-0.345
764,2.122,-0.395,-0.335
765,2.125,-0.395,-0.325
766,2.128,-0.39,-0.31
767,2.131,-0.375,-0.295
768,2.133,-0.36,-0.275
769,2.136,-0.34,-0.255
770,2.1390000000000002,-0.335,-0.25
771,2.142,-0.33,-0.24
772,2.144,-0.335,-0.245
773,2.147,-0.335,-0.23
774,2.15,-0.325,-0.205
775,2.153,-0.32,-0.2
776,2.156,-0.305,-0.2
777,2.158,-0.305,-0.205
778,2.161,-0.315,-0.21
779,2.164,-0.31,-0.22
780,2.167,-0.305,-0.195
781,2.169,-0.3,-0.19
782,2.1719999999999997,-0.3,-0.2
783,2.175,-0.3,-0.2
784,2.178,-0.31,-0.21
785,2.181,-0.31,-0.2
786,2.1830000000000003,-0.31,-0.19
787,2.186,-0.315,-0.175
788,2.189,-0.3,-0.2
789,2.1919999999999997,-0.305,-0.205
790,2.194,-0.315,-0.21
791,2.197,-0.32,-0.2
792,2.2,-0.325,-0.2
793,2.2030000000000003,-0.31,-0.18
794,2.206,-0.305,-0.19
795,2.208,-0.305,-0.19
796,2.211,-0.32,-0.205
797,2.214,-0.325,-0.205
798,2.217,-0.305,-0.195
799,2.219,-0.31,-0.185
800,2.222,-0.295,-0.19
801,2.225,-0.31,-0.19
802,2.228,-0.325,-0.21
803,2.231,-0.33,-0.21
804,2.233,-0.32,-0.205
805,2.2359999999999998,-0.32,-0.205
806,2.239,-0.32,-0.2
807,2.242,-0.325,-0.215
808,2.244,-0.35,-0.225
809,2.247,-0.35,-0.21
810,2.25,-0.34,-0.21
811,2.253,-0.335,-0.21
812,2.256,-0.33,-0.215
813,2.258,-0.335,-0.225
814,2.261,-0.34,-0.225
815,2.2640000000000002,-0.36,-0.23
816,2.267,-0.35,-0.21
817,2.269,-0.35,-0.21
818,2.272,-0.355,-0.23
819,2.275,-0.36,-0.25
820,2.278,-0.355,-0.25
821,2.281,-0.365,-0.245
822,2.283,-0.355,-0.23
823,2.286,-0.35,-0.215
824,2.289,-0.34,-0.23
825,2.292,-0.355,-0.24
826,2.294,-0.35,-0.245
827,2.2969999999999997,-0.365,-0.245
828,2.3,-0.365,-0.24
829,2.303,-0.35,-0.215
830,2.306,-0.355,-0.225
831,2.3080000000000003,-0.35,-0.24
832,2.311,-0.37,-0.24
833,2.314,-0.38,-0.245
834,2.3169999999999997,-0.37,-0.24
835,2.319,-0.36,-0.23
836,2.322,-0.365,-0.235
837,2.325,-0.36,-0.24
838,2.3280000000000003,-0.365,-0.23
839,2.331,-0.38,-0.25
840,2.333,-0.37,-0.225
841,2.336,-0.365,-0.215
842,2.339,-0.35,-0.23
843,2.342,-0.35,-0.24
844,2.344,-0.35,-0.25
845,2.347,-0.37,-0.265
846,2.35,-0.365,-0.23
847,2.353,-0.345,-0.22
848,2.356,-0.345,-0.235
849,2.358,-0.34,-0.225
850,2.3609999999999998,-0.355,-0.235
851,2.364,-0.365,-0.235
852,2.367,-0.36,-0.225
853,2.369,-0.355,-0.225
854,2.372,-0.355,-0.215
855,2.375,-0.355,-0.225
856,2.378,-0.375,-0.235
857,2.381,-0.385,-0.23
858,2.383,-0.355,-0.225
859,2.386,-0.36,-0.225
860,2.3890000000000002,-0.355,-0.225
861,2.392,-0.36,-0.225
862,2.394,-0.36,-0.23
863,2.397,-0.37,-0.23
864,2.4,-0.36,-0.215
865,2.403,-0.345,-0.21
866,2.406,-0.355,-0.225
867,2.408,-0.345,-0.24
868,2.411,-0.345,-0.235
869,2.414,-0.345,-0.24
870,2.417,-0.34,-0.225
871,2.419,-0.31,-0.215
872,2.4219999999999997,-0.305,-0.22
873,2.425,-0.305,-0.22
874,2.428,-0.31,-0.23
875,2.431,-0.305,-0.23
876,2.4330000000000003,-0.29,-0.205
877,2.436,-0.285,-0.2
878,2.439,-0.275,-0.205
879,2.4419999999999997,-0.28,-0.195
880,2.444,-0.28,-0.21
881,2.447,-0.275,-0.205
882,2.45,-0.265,-0.19
883,2.4530000000000003,-0.255,-0.185
884,2.456,-0.245,-0.2
885,2.458,-0.26,-0.195
886,2.461,-0.265,-0.2
887,2.464,-0.275,-0.19
888,2.467,-0.28,-0.17
889,2.469,-0.265,-0.14
890,2.472,-0.27,-0.165
891,2.475,-0.275,-0.165
892,2.478,-0.28,-0.185
893,2.481,-0.275,-0.18
894,2.483,-0.28,-0.17
895,2.4859999999999998,-0.275,-0.15
896,2.489,-0.265,-0.165
897,2.492,-0.255,-0.18
898,2.494,-0.24,-0.2
899,2.497,-0.26,-0.21
900,2.5,-0.28,-0.21
901,2.503,-0.31,-0.185
902,2.506,-0.31,-0.19
903,2.508,-0.345,-0.2
904,2.511,-0.36,-0.215
905,2.5140000000000002,-0.38,-0.22
906,2.517,-0.385,-0.21
907,2.519,-0.38,-0.195
908,2.522,-0.37,-0.205
909,2.525,-0.375,-0.22
910,2.528,-0.385,-0.225
911,2.531,-0.39,-0.23
912,2.533,-0.395,-0.22
913,2.536,-0.385,-0.21
914,2.539,-0.385,-0.21
915,2.542,-0.385,-0.23
916,2.544,-0.395,-0.235
917,2.5469999999999997,-0.405,-0.23
918,2.55,-0.4,-0.225
919,2.553,-0.375,-0.215
920,2.556,-0.375,-0.22
921,2.5580000000000003,-0.39,-0.22
922,2.5610000000000004,-0.395,-0.23
923,2.5639999999999996,-0.415,-0.24
924,2.5669999999999997,-0.405,-0.22
925,2.569,-0.4,-0.225
926,2.572,-0.39,-0.235
927,2.575,-0.405,-0.25
928,2.5780000000000003,-0.425,-0.28
929,2.5810000000000004,-0.46,-0.305
930,2.583,-0.475,-0.325
931,2.5860000000000003,-0.505,-0.345
932,2.589,-0.51,-0.375
933,2.592,-0.525,-0.415
934,2.594,-0.54,-0.425
935,2.597,-0.6,-0.385
936,2.6,-0.645,-0.295
937,2.603,-0.63,-0.18
938,2.6060000000000003,-0.575,-0.065
939,2.608,-0.495,0.035
940,2.611,-0.385,0.13
941,2.614,-0.27,0.24
942,2.617,-0.115,0.37
943,2.6189999999999998,0.09,0.495
944,2.622,0.37,0.61
945,2.625,0.635,0.655
946,2.628,0.81,0.545
947,2.6310000000000002,0.86,0.23
948,2.633,0.77,-0.105
949,2.636,0.475,-0.28
950,2.639,0.065,-0.285
951,2.642,-0.305,-0.255
952,2.6439999999999997,-0.5,-0.255
953,2.647,-0.52,-0.26
954,2.65,-0.475,-0.23
955,2.653,-0.41,-0.22
956,2.656,-0.39,-0.245
957,2.658,-0.39,-0.255
958,2.661,-0.4,-0.26
959,2.6639999999999997,-0.41,-0.25
960,2.667,-0.405,-0.235
961,2.6689999999999996,-0.385,-0.245
962,2.6719999999999997,-0.39,-0.245
963,2.675,-0.395,-0.26
964,2.678,-0.405,-0.265
965,2.681,-0.41,-0.265
966,2.6830000000000003,-0.405,-0.26
967,2.6860000000000004,-0.4,-0.24
968,2.6889999999999996,-0.39,-0.245
969,2.6919999999999997,-0.395,-0.26
970,2.694,-0.41,-0.27
971,2.697,-0.415,-0.27
972,2.7,-0.41,-0.255
973,2.7030000000000003,-0.395,-0.255
974,2.7060000000000004,-0.405,-0.25
975,2.708,-0.41,-0.265
976,2.7110000000000003,-0.405,-0.27
977,2.714,-0.405,-0.27
978,2.717,-0.41,-0.265
979,2.719,-0.39,-0.25
980,2.722,-0.385,-0.245
981,2.725,-0.39,-0.265
982,2.728,-0.395,-0.27
983,2.7310000000000003,-0.4,-0.26
984,2.733,-0.4,-0.255
985,2.736,-0.4,-0.245
986,2.739,-0.395,-0.25
987,2.742,-0.395,-0.26
988,2.7439999999999998,-0.405,-0.27
989,2.747,-0.405,-0.26
990,2.75,-0.4,-0.255
991,2.753,-0.395,-0.25
992,2.7560000000000002,-0.385,-0.255
993,2.758,-0.375,-0.255
994,2.761,-0.385,-0.275
995,2.764,-0.395,-0.27
996,2.767,-0.39,-0.265
997,2.7689999999999997,-0.385,-0.26
998,2.772,-0.375,-0.26
999,2.775,-0.385,-0.275
1000,2.778,-0.395,-0.27
1001,2.781,-0.395,-0.26
1002,2.783,-0.385,-0.245
1003,2.786,-0.375,-0.255
1004,2.7889999999999997,-0.375,-0.265
1005,2.792,-0.385,-0.265
1006,2.7939999999999996,-0.395,-0.27
1007,2.7969999999999997,-0.39,-0.265
1008,2.8,-0.39,-0.26
1009,2.803,-0.365,-0.27
1010,2.806,-0.375,-0.265
1011,2.8080000000000003,-0.385,-0.27
1012,2.8110000000000004,-0.395,-0.28
1013,2.8139999999999996,-0.38,-0.285
1014,2.8169999999999997,-0.385,-0.28
1015,2.819,-0.375,-0.285
1016,2.822,-0.38,-0.29
1017,2.825,-0.39,-0.31
1018,2.8280000000000003,-0.38,-0.305
1019,2.8310000000000004,-0.375,-0.3
1020,2.833,-0.375,-0.3
1021,2.8360000000000003,-0.375,-0.31
1022,2.839,-0.375,-0.325
1023,2.842,-0.38,-0.34
1024,2.844,-0.39,-0.34
1025,2.847,-0.39,-0.325
1026,2.85,-0.365,-0.32
1027,2.853,-0.37,-0.355
1028,2.8560000000000003,-0.375,-0.36
1029,2.858,-0.385,-0.38
1030,2.861,-0.39,-0.385
1031,2.864,-0.39,-0.375
1032,2.867,-0.375,-0.365
1033,2.8689999999999998,-0.365,-0.375
1034,2.872,-0.385,-0.385
1035,2.875,-0.38,-0.39
1036,2.878,-0.39,-0.395
1037,2.8810000000000002,-0.375,-0.385
1038,2.883,-0.375,-0.375
1039,2.886,-0.365,-0.375
1040,2.889,-0.37,-0.375
1041,2.892,-0.385,-0.38
1042,2.8939999999999997,-0.395,-0.365
1043,2.897,-0.385,-0.345
1044,2.9,-0.385,-0.335
1045,2.903,-0.37,-0.315
1046,2.906,-0.365,-0.31
1047,2.908,-0.37,-0.305
1048,2.911,-0.375,-0.29
1049,2.9139999999999997,-0.35,-0.27
1050,2.917,-0.335,-0.255
1051,2.9189999999999996,-0.32,-0.25
1052,2.9219999999999997,-0.315,-0.245
1053,2.925,-0.32,-0.235
1054,2.928,-0.325,-0.235
1055,2.931,-0.315,-0.225
1056,2.9330000000000003,-0.295,-0.22
1057,2.9360000000000004,-0.285,-0.195
1058,2.9389999999999996,-0.3,-0.215
1059,2.9419999999999997,-0.295,-0.23
1060,2.944,-0.285,-0.215
1061,2.947,-0.285,-0.205
1062,2.95,-0.28,-0.195
1063,2.9530000000000003,-0.27,-0.2
1064,2.9560000000000004,-0.28,-0.195
1065,2.958,-0.29,-0.195
1066,2.9610000000000003,-0.295,-0.205
1067,2.964,-0.295,-0.195
1068,2.967,-0.29,-0.18
1069,2.969,-0.28,-0.19
1070,2.972,-0.29,-0.205
1071,2.975,-0.295,-0.21
1072,2.978,-0.31,-0.205
1073,2.9810000000000003,-0.295,-0.18
1074,2.983,-0.285,-0.185
1075,2.986,-0.28,-0.19
1076,2.989,-0.275,-0.205
1077,2.992,-0.295,-0.215
1078,2.9939999999999998,-0.305,-0.215
1079,2.997,-0.3,-0.215
1080,3.0,-0.295,-0.19
1081,3.003,-0.295,-0.21
1082,3.0060000000000002,-0.285,-0.2
1083,3.008,-0.3,-0.215
1084,3.011,-0.305,-0.22
1085,3.014,-0.3,-0.225
1086,3.017,-0.295,-0.215
1087,3.0189999999999997,-0.3,-0.215
1088,3.022,-0.305,-0.23
1089,3.025,-0.315,-0.225
1090,3.028,-0.31,-0.225
1091,3.031,-0.315,-0.21
1092,3.033,-0.295,-0.21
1093,3.036,-0.3,-0.215
1094,3.0389999999999997,-0.31,-0.23
1095,3.042,-0.33,-0.235
1096,3.0439999999999996,-0.34,-0.23
1097,3.0469999999999997,-0.33,-0.22
1098,3.05,-0.32,-0.215
1099,3.053,-0.32,-0.23
1100,3.056,-0.315,-0.235
1101,3.0580000000000003,-0.325,-0.25
1102,3.0610000000000004,-0.335,-0.245
1103,3.0639999999999996,-0.33,-0.24
1104,3.0669999999999997,-0.315,-0.22
1105,3.069,-0.32,-0.23
1106,3.072,-0.32,-0.23
1107,3.075,-0.33,-0.235
1108,3.0780000000000003,-0.345,-0.24
1109,3.0810000000000004,-0.34,-0.235
1110,3.083,-0.335,-0.22
1111,3.0860000000000003,-0.33,-0.23
1112,3.089,-0.335,-0.24
1113,3.092,-0.345,-0.255
1114,3.094,-0.35,-0.245
1115,3.097,-0.345,-0.235
1116,3.1,-0.34,-0.22
1117,3.103,-0.335,-0.23
1118,3.1060000000000003,-0.335,-0.24
1119,3.108,-0.33,-0.25
1120,3.111,-0.335,-0.255
1121,3.114,-0.34,-0.24
1122,3.117,-0.335,-0.225
1123,3.1189999999999998,-0.32,-0.23
1124,3.122,-0.34,-0.235
1125,3.125,-0.34,-0.24
1126,3.128,-0.35,-0.245
1127,3.1310000000000002,-0.365,-0.235
1128,3.133,-0.36,-0.23
1129,3.136,-0.345,-0.235
1130,3.139,-0.345,-0.24
1131,3.142,-0.35,-0.245
1132,3.1439999999999997,-0.35,-0.235
1133,3.147,-0.35,-0.235
1134,3.15,-0.34,-0.23
1135,3.153,-0.34,-0.24
1136,3.156,-0.345,-0.235
1137,3.158,-0.345,-0.245
1138,3.161,-0.38,-0.25
1139,3.1639999999999997,-0.36,-0.23
1140,3.167,-0.36,-0.21
1141,3.1689999999999996,-0.345,-0.23
1142,3.1719999999999997,-0.345,-0.235
1143,3.175,-0.35,-0.245
1144,3.178,-0.355,-0.25
1145,3.181,-0.345,-0.245
1146,3.1830000000000003,-0.33,-0.23
1147,3.1860000000000004,-0.33,-0.23
1148,3.1889999999999996,-0.335,-0.235
1149,3.1919999999999997,-0.335,-0.25
1150,3.194,-0.34,-0.25
1151,3.197,-0.33,-0.24
1152,3.2,-0.32,-0.225
1153,3.2030000000000003,-0.29,-0.23
1154,3.2060000000000004,-0.29,-0.235
1155,3.208,-0.3,-0.24
1156,3.2110000000000003,-0.305,-0.245
1157,3.214,-0.285,-0.24
1158,3.217,-0.28,-0.225
1159,3.219,-0.275,-0.225
1160,3.222,-0.28,-0.23
1161,3.225,-0.275,-0.23
1162,3.228,-0.27,-0.225
1163,3.2310000000000003,-0.265,-0.205
1164,3.233,-0.25,-0.21
1165,3.236,-0.23,-0.22
1166,3.239,-0.245,-0.205
1167,3.242,-0.24,-0.22
1168,3.2439999999999998,-0.255,-0.22
1169,3.247,-0.255,-0.21
1170,3.25,-0.245,-0.19
1171,3.253,-0.235,-0.18
1172,3.2560000000000002,-0.255,-0.18
1173,3.258,-0.265,-0.185
1174,3.261,-0.26,-0.19
1175,3.264,-0.255,-0.19
1176,3.267,-0.27,-0.185
1177,3.2689999999999997,-0.265,-0.205
1178,3.272,-0.28,-0.2
1179,3.275,-0.255,-0.22
1180,3.278,-0.25,-0.22
1181,3.281,-0.245,-0.22
1182,3.283,-0.265,-0.21
1183,3.286,-0.28,-0.225
1184,3.2889999999999997,-0.3,-0.22
1185,3.292,-0.315,-0.24
1186,3.2939999999999996,-0.325,-0.245
1187,3.2969999999999997,-0.335,-0.235
1188,3.3,-0.345,-0.23
1189,3.303,-0.33,-0.245
1190,3.306,-0.335,-0.245
1191,3.3080000000000003,-0.345,-0.25
1192,3.3110000000000004,-0.36,-0.255
1193,3.3139999999999996,-0.35,-0.23
1194,3.3169999999999997,-0.34,-0.225
1195,3.319,-0.335,-0.23
1196,3.322,-0.345,-0.245
1197,3.325,-0.36,-0.255
1198,3.3280000000000003,-0.365,-0.265
1199,3.3310000000000004,-0.375,-0.255
1200,3.333,-0.37,-0.245
1201,3.3360000000000003,-0.365,-0.26
1202,3.339,-0.365,-0.25
1203,3.342,-0.38,-0.26
1204,3.344,-0.375,-0.27
1205,3.347,-0.375,-0.24
1206,3.35,-0.365,-0.245
1207,3.353,-0.37,-0.25
1208,3.3560000000000003,-0.36,-0.25
1209,3.358,-0.37,-0.25
1210,3.361,-0.38,-0.265
1211,3.364,-0.365,-0.255
1212,3.367,-0.36,-0.245
1213,3.3689999999999998,-0.35,-0.255
1214,3.372,-0.355,-0.265
1215,3.375,-0.37,-0.28
1216,3.378,-0.385,-0.305
1217,3.3810000000000002,-0.395,-0.32
1218,3.383,-0.43,-0.35
1219,3.386,-0.445,-0.38
1220,3.389,-0.485,-0.39
1221,3.392,-0.515,-0.345
1222,3.3939999999999997,-0.565,-0.24
1223,3.397,-0.555,-0.11
1224,3.4,-0.475,-0.02
1225,3.403,-0.355,0.04
1226,3.406,-0.22,0.11
1227,3.408,-0.055,0.22
1228,3.411,0.185,0.35
1229,3.4139999999999997,0.475,0.44
1230,3.417,0.705,0.395
1231,3.4189999999999996,0.82,0.155
1232,3.4219999999999997,0.78,-0.17
1233,3.425,0.535,-0.38
1234,3.428,0.145,-0.41
1235,3.431,-0.2,-0.355
1236,3.4330000000000003,-0.42,-0.32
1237,3.4360000000000004,-0.5,-0.305
1238,3.4389999999999996,-0.48,-0.3
1239,3.4419999999999997,-0.45,-0.295
1240,3.444,-0.41,-0.295
1241,3.447,-0.4,-0.285
1242,3.45,-0.39,-0.3
1243,3.4530000000000003,-0.39,-0.31
1244,3.4560000000000004,-0.4,-0.305
1245,3.458,-0.405,-0.305
1246,3.4610000000000003,-0.425,-0.295
1247,3.464,-0.425,-0.27
1248,3.467,-0.405,-0.27
1249,3.469,-0.395,-0.285
1250,3.472,-0.405,-0.305
1251,3.475,-0.405,-0.31
1252,3.478,-0.415,-0.3
1253,3.4810000000000003,-0.405,-0.29
1254,3.483,-0.385,-0.275
1255,3.486,-0.39,-0.285
1256,3.489,-0.395,-0.285
1257,3.492,-0.395,-0.305
1258,3.4939999999999998,-0.395,-0.29
1259,3.497,-0.395,-0.29
1260,3.5,-0.385,-0.285
1261,3.503,-0.39,-0.285
1262,3.5060000000000002,-0.39,-0.29
1263,3.508,-0.4,-0.3
1264,3.511,-0.425,-0.295
1265,3.514,-0.41,-0.285
1266,3.517,-0.4,-0.275
1267,3.5189999999999997,-0.395,-0.29
1268,3.522,-0.4,-0.295
1269,3.525,-0.405,-0.275
1270,3.528,-0.425,-0.285
1271,3.531,-0.415,-0.285
1272,3.533,-0.405,-0.26
1273,3.536,-0.405,-0.27
1274,3.5389999999999997,-0.405,-0.265
1275,3.542,-0.41,-0.285
1276,3.5439999999999996,-0.415,-0.29
1277,3.5469999999999997,-0.405,-0.295
1278,3.55,-0.42,-0.28
1279,3.553,-0.405,-0.29
1280,3.556,-0.41,-0.295
1281,3.5580000000000003,-0.41,-0.3
1282,3.5610000000000004,-0.42,-0.31
1283,3.5639999999999996,-0.415,-0.305
1284,3.5669999999999997,-0.405,-0.295
1285,3.569,-0.395,-0.3
1286,3.572,-0.395,-0.28
1287,3.575,-0.395,-0.29
1288,3.5780000000000003,-0.4,-0.305
1289,3.5810000000000004,-0.395,-0.29
1290,3.583,-0.395,-0.285
1291,3.5860000000000003,-0.405,-0.305
1292,3.589,-0.405,-0.31
1293,3.592,-0.42,-0.315
1294,3.594,-0.435,-0.305
1295,3.597,-0.415,-0.295
1296,3.6,-0.405,-0.29
1297,3.603,-0.395,-0.295
1298,3.6060000000000003,-0.39,-0.3
1299,3.608,-0.415,-0.305
1300,3.611,-0.405,-0.325
1301,3.614,-0.405,-0.31
1302,3.617,-0.4,-0.3
1303,3.6189999999999998,-0.395,-0.31
1304,3.622,-0.395,-0.335
1305,3.625,-0.405,-0.34
1306,3.628,-0.42,-0.35
1307,3.6310000000000002,-0.415,-0.355
1308,3.633,-0.4,-0.34
1309,3.636,-0.395,-0.35
1310,3.639,-0.4,-0.365
1311,3.642,-0.405,-0.38
1312,3.6439999999999997,-0.425,-0.4
1313,3.647,-0.425,-0.385
1314,3.65,-0.425,-0.38
1315,3.653,-0.42,-0.39
1316,3.656,-0.425,-0.4
1317,3.658,-0.45,-0.405
1318,3.661,-0.445,-0.405
1319,3.6639999999999997,-0.45,-0.405
1320,3.667,-0.435,-0.415
1321,3.6689999999999996,-0.445,-0.415
1322,3.6719999999999997,-0.47,-0.42
1323,3.675,-0.455,-0.415
1324,3.678,-0.46,-0.425
1325,3.681,-0.44,-0.41
1326,3.6830000000000003,-0.435,-0.395
1327,3.6860000000000004,-0.425,-0.385
1328,3.6889999999999996,-0.43,-0.405
1329,3.6919999999999997,-0.445,-0.395
1330,3.694,-0.45,-0.395
1331,3.697,-0.445,-0.375
1332,3.7,-0.43,-0.37
1333,3.7030000000000003,-0.42,-0.375
1334,3.7060000000000004,-0.41,-0.375
1335,3.708,-0.425,-0.37
1336,3.7110000000000003,-0.42,-0.36
1337,3.714,-0.405,-0.345
1338,3.717,-0.38,-0.32
1339,3.719,-0.37,-0.305
1340,3.722,-0.365,-0.305
1341,3.725,-0.365,-0.3
1342,3.728,-0.365,-0.285
1343,3.7310000000000003,-0.345,-0.275
1344,3.733,-0.33,-0.26
1345,3.736,-0.315,-0.245
1346,3.739,-0.305,-0.245
1347,3.742,-0.305,-0.25
1348,3.7439999999999998,-0.32,-0.255
1349,3.747,-0.31,-0.245
1350,3.75,-0.31,-0.23
1351,3.753,-0.305,-0.235
1352,3.7560000000000002,-0.31,-0.245
1353,3.758,-0.315,-0.255
1354,3.761,-0.32,-0.255
1355,3.764,-0.315,-0.225
1356,3.767,-0.305,-0.23
1357,3.7689999999999997,-0.305,-0.235
1358,3.772,-0.295,-0.24
1359,3.775,-0.31,-0.25
1360,3.778,-0.32,-0.245
1361,3.781,-0.31,-0.225
1362,3.783,-0.315,-0.215
1363,3.786,-0.295,-0.22
1364,3.7889999999999997,-0.3,-0.24
1365,3.792,-0.305,-0.25
1366,3.7939999999999996,-0.3,-0.255
1367,3.7969999999999997,-0.285,-0.245
1368,3.8,-0.28,-0.24
1369,3.803,-0.29,-0.235
1370,3.806,-0.295,-0.245
1371,3.8080000000000003,-0.305,-0.255
1372,3.8110000000000004,-0.325,-0.25
1373,3.8139999999999996,-0.305,-0.235
1374,3.8169999999999997,-0.3,-0.23
1375,3.819,-0.3,-0.25
1376,3.822,-0.315,-0.26
1377,3.825,-0.325,-0.275
1378,3.8280000000000003,-0.335,-0.28
1379,3.8310000000000004,-0.325,-0.275
1380,3.833,-0.315,-0.26
1381,3.8360000000000003,-0.32,-0.27
1382,3.839,-0.335,-0.255
1383,3.842,-0.33,-0.265
1384,3.844,-0.34,-0.255
1385,3.847,-0.325,-0.265
1386,3.85,-0.325,-0.26
1387,3.853,-0.32,-0.265
1388,3.8560000000000003,-0.315,-0.265
1389,3.858,-0.335,-0.275
1390,3.861,-0.335,-0.27
1391,3.864,-0.345,-0.265
1392,3.867,-0.335,-0.255
1393,3.8689999999999998,-0.325,-0.255
1394,3.872,-0.33,-0.265
1395,3.875,-0.315,-0.275
1396,3.878,-0.335,-0.29
1397,3.8810000000000002,-0.33,-0.275
1398,3.883,-0.33,-0.26
1399,3.886,-0.33,-0.27
1400,3.889,-0.33,-0.265
1401,3.892,-0.335,-0.27
1402,3.8939999999999997,-0.34,-0.265
1403,3.897,-0.33,-0.265
1404,3.9,-0.32,-0.25
1405,3.903,-0.315,-0.265
1406,3.906,-0.325,-0.265
1407,3.908,-0.335,-0.27
1408,3.911,-0.355,-0.27
1409,3.9139999999999997,-0.345,-0.265
1410,3.917,-0.34,-0.255
1411,3.9189999999999996,-0.335,-0.26
1412,3.9219999999999997,-0.32,-0.255
1413,3.925,-0.325,-0.27
1414,3.928,-0.35,-0.27
1415,3.931,-0.33,-0.285
1416,3.9330000000000003,-0.315,-0.265
1417,3.9360000000000004,-0.315,-0.26
1418,3.9389999999999996,-0.33,-0.265
1419,3.9419999999999997,-0.33,-0.27
1420,3.944,-0.335,-0.265
1421,3.947,-0.335,-0.26
1422,3.95,-0.33,-0.25
1423,3.9530000000000003,-0.33,-0.265
1424,3.9560000000000004,-0.33,-0.265
1425,3.958,-0.34,-0.27
1426,3.9610000000000003,-0.34,-0.265
1427,3.964,-0.34,-0.255
1428,3.967,-0.325,-0.245
1429,3.969,-0.325,-0.255
1430,3.972,-0.325,-0.275
1431,3.975,-0.345,-0.275
1432,3.978,-0.35,-0.275
1433,3.9810000000000003,-0.34,-0.255
1434,3.983,-0.33,-0.255
1435,3.986,-0.32,-0.26
1436,3.989,-0.31,-0.265
1437,3.992,-0.305,-0.285
1438,3.9939999999999998,-0.305,-0.28
1439,3.997,-0.275,-0.265
1440,4.0,-0.27,-0.26
1441,4.003,-0.255,-0.255
1442,4.006,-0.26,-0.25
1443,4.008,-0.265,-0.255
1444,4.011,-0.26,-0.25
1445,4.013999999999999,-0.25,-0.24
1446,4.0169999999999995,-0.235,-0.23
1447,4.019,-0.235,-0.235
1448,4.022,-0.22,-0.225
1449,4.025,-0.235,-0.235
1450,4.0280000000000005,-0.235,-0.24
1451,4.031000000000001,-0.22,-0.225
1452,4.033,-0.23,-0.215
1453,4.0360000000000005,-0.225,-0.235
1454,4.039,-0.235,-0.23
1455,4.042,-0.245,-0.225
1456,4.044,-0.255,-0.215
1457,4.047,-0.24,-0.205
1458,4.05,-0.23,-0.2
1459,4.053,-0.23,-0.21
1460,4.056,-0.25,-0.225
1461,4.058,-0.255,-0.23
1462,4.061,-0.25,-0.225
1463,4.064,-0.23,-0.215
1464,4.067,-0.205,-0.21
1465,4.069,-0.195,-0.235
1466,4.072,-0.21,-0.24
1467,4.075,-0.23,-0.255
1468,4.078,-0.27,-0.245
1469,4.081,-0.27,-0.235
1470,4.083,-0.285,-0.23
1471,4.086,-0.285,-0.235
1472,4.0889999999999995,-0.31,-0.245
1473,4.092,-0.33,-0.27
1474,4.093999999999999,-0.34,-0.26
1475,4.0969999999999995,-0.34,-0.25
1476,4.1,-0.345,-0.24
1477,4.103,-0.35,-0.24
1478,4.106,-0.35,-0.255
1479,4.1080000000000005,-0.34,-0.26
1480,4.111000000000001,-0.355,-0.265
1481,4.114,-0.345,-0.255
1482,4.117,-0.34,-0.245
1483,4.119,-0.34,-0.245
1484,4.122,-0.345,-0.26
1485,4.125,-0.355,-0.255
1486,4.128,-0.37,-0.26
1487,4.131,-0.355,-0.255
1488,4.133,-0.37,-0.24
1489,4.136,-0.345,-0.24
1490,4.138999999999999,-0.34,-0.26
1491,4.1419999999999995,-0.36,-0.26
1492,4.144,-0.38,-0.25
1493,4.147,-0.36,-0.24
1494,4.15,-0.345,-0.235
1495,4.1530000000000005,-0.35,-0.24
1496,4.156000000000001,-0.35,-0.255
1497,4.158,-0.355,-0.27
1498,4.1610000000000005,-0.38,-0.285
1499,4.164,-0.39,-0.29
1500,4.167,-0.395,-0.31
1501,4.169,-0.425,-0.33
1502,4.172,-0.455,-0.365
1503,4.175,-0.475,-0.37
1504,4.178,-0.51,-0.35
1505,4.181,-0.545,-0.26
1506,4.183,-0.54,-0.135
1507,4.186,-0.495,-0.02
1508,4.189,-0.405,0.035
1509,4.192,-0.295,0.095
1510,4.194,-0.16,0.185
1511,4.197,0.04,0.315
1512,4.2,0.315,0.45
1513,4.203,0.595,0.515
1514,4.206,0.8,0.45
1515,4.208,0.885,0.175
1516,4.211,0.795,-0.18
1517,4.2139999999999995,0.52,-0.385
1518,4.217,0.13,-0.395
1519,4.218999999999999,-0.215,-0.345
1520,4.2219999999999995,-0.425,-0.31
1521,4.225,-0.5,-0.29
1522,4.228,-0.49,-0.275
1523,4.231,-0.45,-0.265
1524,4.2330000000000005,-0.4,-0.235
1525,4.236000000000001,-0.39,-0.25
1526,4.239,-0.395,-0.265
1527,4.242,-0.395,-0.255
1528,4.244,-0.4,-0.245
1529,4.247,-0.39,-0.24
1530,4.25,-0.38,-0.24
1531,4.253,-0.385,-0.25
1532,4.256,-0.385,-0.26
1533,4.258,-0.4,-0.265
1534,4.261,-0.41,-0.275
1535,4.263999999999999,-0.41,-0.255
1536,4.2669999999999995,-0.39,-0.24
1537,4.269,-0.39,-0.245
1538,4.272,-0.405,-0.26
1539,4.275,-0.405,-0.26
1540,4.2780000000000005,-0.415,-0.265
1541,4.281000000000001,-0.41,-0.25
1542,4.283,-0.395,-0.25
1543,4.2860000000000005,-0.395,-0.245
1544,4.289,-0.4,-0.25
1545,4.292,-0.415,-0.265
1546,4.294,-0.415,-0.255
1547,4.297,-0.415,-0.25
1548,4.3,-0.4,-0.245
1549,4.303,-0.39,-0.245
1550,4.306,-0.39,-0.255
1551,4.308,-0.41,-0.26
1552,4.311,-0.415,-0.25
1553,4.314,-0.405,-0.24
1554,4.317,-0.395,-0.215
1555,4.319,-0.395,-0.23
1556,4.322,-0.395,-0.25
1557,4.325,-0.405,-0.25
1558,4.328,-0.41,-0.255
1559,4.331,-0.41,-0.24
1560,4.333,-0.4,-0.22
1561,4.336,-0.39,-0.235
1562,4.3389999999999995,-0.395,-0.235
1563,4.342,-0.41,-0.24
1564,4.343999999999999,-0.425,-0.255
1565,4.3469999999999995,-0.415,-0.245
1566,4.35,-0.405,-0.225
1567,4.353,-0.41,-0.23
1568,4.356,-0.405,-0.235
1569,4.3580000000000005,-0.415,-0.24
1570,4.361000000000001,-0.425,-0.24
1571,4.364,-0.425,-0.24
1572,4.367,-0.41,-0.23
1573,4.369,-0.395,-0.245
1574,4.372,-0.39,-0.255
1575,4.375,-0.4,-0.25
1576,4.378,-0.41,-0.25
1577,4.381,-0.41,-0.235
1578,4.383,-0.4,-0.24
1579,4.386,-0.39,-0.235
1580,4.388999999999999,-0.41,-0.255
1581,4.3919999999999995,-0.42,-0.255
1582,4.394,-0.42,-0.255
1583,4.397,-0.415,-0.25
1584,4.4,-0.415,-0.235
1585,4.4030000000000005,-0.405,-0.26
1586,4.406000000000001,-0.42,-0.255
1587,4.408,-0.415,-0.27
1588,4.4110000000000005,-0.425,-0.285
1589,4.414,-0.41,-0.285
1590,4.417,-0.4,-0.28
1591,4.419,-0.405,-0.285
1592,4.422,-0.4,-0.285
1593,4.425,-0.4,-0.305
1594,4.428,-0.41,-0.295
1595,4.431,-0.4,-0.285
1596,4.433,-0.395,-0.29
1597,4.436,-0.395,-0.305
1598,4.439,-0.405,-0.32
1599,4.442,-0.41,-0.335
1600,4.444,-0.425,-0.34
1601,4.447,-0.425,-0.315
1602,4.45,-0.41,-0.315
1603,4.453,-0.41,-0.33
1604,4.456,-0.42,-0.345
1605,4.458,-0.43,-0.35
1606,4.461,-0.445,-0.355
1607,4.4639999999999995,-0.44,-0.365
1608,4.467,-0.435,-0.355
1609,4.468999999999999,-0.43,-0.365
1610,4.4719999999999995,-0.43,-0.37
1611,4.475,-0.45,-0.375
1612,4.478,-0.445,-0.375
1613,4.481,-0.445,-0.37
1614,4.4830000000000005,-0.435,-0.355
1615,4.486000000000001,-0.435,-0.36
1616,4.489,-0.445,-0.34
1617,4.492,-0.44,-0.34
1618,4.494,-0.45,-0.33
1619,4.497,-0.43,-0.315
1620,4.5,-0.43,-0.29
1621,4.503,-0.415,-0.275
1622,4.506,-0.4,-0.265
1623,4.508,-0.4,-0.26
1624,4.511,-0.385,-0.245
1625,4.513999999999999,-0.365,-0.225
1626,4.5169999999999995,-0.335,-0.205
1627,4.519,-0.33,-0.2
1628,4.522,-0.325,-0.19
1629,4.525,-0.33,-0.2
1630,4.5280000000000005,-0.33,-0.185
1631,4.531000000000001,-0.31,-0.175
1632,4.533,-0.295,-0.16
1633,4.5360000000000005,-0.285,-0.155
1634,4.539,-0.29,-0.165
1635,4.542,-0.29,-0.16
1636,4.544,-0.31,-0.17
1637,4.547,-0.295,-0.15
1638,4.55,-0.285,-0.145
1639,4.553,-0.28,-0.15
1640,4.556,-0.3,-0.145
1641,4.558,-0.29,-0.145
1642,4.561,-0.295,-0.155
1643,4.564,-0.29,-0.15
1644,4.567,-0.28,-0.135
1645,4.569,-0.275,-0.145
1646,4.572,-0.275,-0.145
1647,4.575,-0.29,-0.15
1648,4.578,-0.29,-0.145
1649,4.581,-0.285,-0.14
1650,4.583,-0.27,-0.13
1651,4.586,-0.27,-0.135
1652,4.5889999999999995,-0.27,-0.14
1653,4.592,-0.275,-0.145
1654,4.593999999999999,-0.29,-0.165
1655,4.5969999999999995,-0.285,-0.155
1656,4.6,-0.275,-0.145
1657,4.603,-0.275,-0.15
1658,4.606,-0.29,-0.16
1659,4.6080000000000005,-0.295,-0.16
1660,4.611000000000001,-0.305,-0.16
1661,4.614,-0.295,-0.145
1662,4.617,-0.295,-0.14
1663,4.619,-0.285,-0.15
1664,4.622,-0.29,-0.165
1665,4.625,-0.3,-0.17
1666,4.628,-0.305,-0.165
1667,4.631,-0.31,-0.165
1668,4.633,-0.295,-0.15
1669,4.636,-0.3,-0.15
1670,4.638999999999999,-0.305,-0.165
1671,4.6419999999999995,-0.31,-0.17
1672,4.644,-0.325,-0.18
1673,4.647,-0.325,-0.165
1674,4.65,-0.315,-0.155
1675,4.6530000000000005,-0.31,-0.16
1676,4.656000000000001,-0.315,-0.165
1677,4.658,-0.315,-0.175
1678,4.6610000000000005,-0.325,-0.18
1679,4.664,-0.32,-0.165
1680,4.667,-0.31,-0.15
1681,4.669,-0.32,-0.17
1682,4.672,-0.315,-0.17
1683,4.675,-0.33,-0.185
1684,4.678,-0.33,-0.175
1685,4.681,-0.32,-0.175
1686,4.683,-0.31,-0.16
1687,4.686,-0.31,-0.165
1688,4.689,-0.31,-0.17
1689,4.692,-0.33,-0.18
1690,4.694,-0.335,-0.175
1691,4.697,-0.33,-0.17
1692,4.7,-0.32,-0.16
1693,4.703,-0.325,-0.16
1694,4.706,-0.325,-0.17
1695,4.708,-0.33,-0.19
1696,4.711,-0.335,-0.165
1697,4.7139999999999995,-0.33,-0.16
1698,4.717,-0.325,-0.155
1699,4.718999999999999,-0.325,-0.16
1700,4.7219999999999995,-0.32,-0.155
1701,4.725,-0.325,-0.165
1702,4.728,-0.33,-0.185
1703,4.731,-0.325,-0.175
1704,4.7330000000000005,-0.315,-0.15
1705,4.736000000000001,-0.305,-0.155
1706,4.739,-0.325,-0.165
1707,4.742,-0.315,-0.17
1708,4.744,-0.335,-0.17
1709,4.747,-0.33,-0.165
1710,4.75,-0.31,-0.15
1711,4.753,-0.32,-0.16
1712,4.756,-0.33,-0.17
1713,4.758,-0.33,-0.175
1714,4.761,-0.335,-0.18
1715,4.763999999999999,-0.33,-0.155
1716,4.7669999999999995,-0.33,-0.15
1717,4.769,-0.32,-0.145
1718,4.772,-0.32,-0.16
1719,4.775,-0.33,-0.165
1720,4.7780000000000005,-0.33,-0.16
1721,4.781000000000001,-0.325,-0.16
1722,4.783,-0.315,-0.145
1723,4.7860000000000005,-0.315,-0.15
1724,4.789,-0.315,-0.15
1725,4.792,-0.33,-0.16
1726,4.794,-0.33,-0.16
1727,4.797,-0.32,-0.15
1728,4.8,-0.315,-0.15
1729,4.803,-0.305,-0.15
1730,4.806,-0.305,-0.155
1731,4.808,-0.295,-0.16
1732,4.811,-0.315,-0.16
1733,4.814,-0.3,-0.15
1734,4.817,-0.275,-0.13
1735,4.819,-0.255,-0.15
1736,4.822,-0.255,-0.155
1737,4.825,-0.26,-0.16
1738,4.828,-0.265,-0.15
1739,4.831,-0.255,-0.125
1740,4.833,-0.235,-0.12
1741,4.836,-0.23,-0.115
1742,4.8389999999999995,-0.225,-0.125
1743,4.842,-0.22,-0.135
1744,4.843999999999999,-0.22,-0.14
1745,4.8469999999999995,-0.215,-0.13
1746,4.85,-0.2,-0.105
1747,4.853,-0.205,-0.105
1748,4.856,-0.205,-0.1
1749,4.8580000000000005,-0.225,-0.105
1750,4.861000000000001,-0.235,-0.09
1751,4.864,-0.24,-0.08
1752,4.867,-0.23,-0.075
1753,4.869,-0.215,-0.09
1754,4.872,-0.24,-0.09
1755,4.875,-0.24,-0.1
1756,4.878,-0.25,-0.1
1757,4.881,-0.235,-0.095
1758,4.883,-0.21,-0.09
1759,4.886,-0.2,-0.11
1760,4.888999999999999,-0.22,-0.125
1761,4.8919999999999995,-0.255,-0.13
1762,4.894,-0.275,-0.12
1763,4.897,-0.285,-0.12
1764,4.9,-0.3,-0.11
1765,4.9030000000000005,-0.305,-0.11
1766,4.906000000000001,-0.32,-0.12
1767,4.908,-0.33,-0.13
1768,4.9110000000000005,-0.325,-0.14
1769,4.914,-0.32,-0.145
1770,4.917,-0.33,-0.125
1771,4.919,-0.33,-0.13
1772,4.922,-0.335,-0.15
1773,4.925,-0.34,-0.145
1774,4.928,-0.345,-0.14
1775,4.931,-0.34,-0.14
1776,4.933,-0.335,-0.12
1777,4.936,-0.32,-0.135
1778,4.939,-0.325,-0.145
1779,4.942,-0.335,-0.16
1780,4.944,-0.345,-0.15
1781,4.947,-0.345,-0.135
1782,4.95,-0.345,-0.125
1783,4.953,-0.335,-0.135
1784,4.956,-0.34,-0.145
1785,4.958,-0.345,-0.15
1786,4.961,-0.355,-0.16
1787,4.9639999999999995,-0.34,-0.145
1788,4.967,-0.34,-0.135
1789,4.968999999999999,-0.34,-0.135
1790,4.9719999999999995,-0.34,-0.125
1791,4.975,-0.345,-0.16
1792,4.978,-0.355,-0.175
1793,4.981,-0.365,-0.195
1794,4.9830000000000005,-0.37,-0.21
1795,4.986000000000001,-0.405,-0.23
1796,4.989,-0.445,-0.27
1797,4.992,-0.48,-0.29
1798,4.994,-0.495,-0.28
1799,4.997,-0.52,-0.195
1800,5.0,-0.535,-0.05
1801,5.003,-0.505,0.085
1802,5.006,-0.415,0.195
1803,5.008,-0.28,0.305
1804,5.011,-0.135,0.42
1805,5.013999999999999,0.065,0.565
1806,5.0169999999999995,0.3,0.705
1807,5.019,0.58,0.8
1808,5.022,0.81,0.795
1809,5.025,0.945,0.595
1810,5.0280000000000005,0.92,0.235
1811,5.031000000000001,0.775,-0.075
1812,5.033,0.445,-0.19
1813,5.0360000000000005,0.02,-0.185
1814,5.039,-0.295,-0.155
1815,5.042,-0.445,-0.17
1816,5.044,-0.47,-0.165
1817,5.047,-0.425,-0.155
1818,5.05,-0.38,-0.145
1819,5.053,-0.36,-0.155
1820,5.056,-0.36,-0.19
1821,5.058,-0.37,-0.2
1822,5.061,-0.38,-0.195
1823,5.064,-0.38,-0.175
1824,5.067,-0.375,-0.175
1825,5.069,-0.37,-0.18
1826,5.072,-0.365,-0.185
1827,5.075,-0.37,-0.2
1828,5.078,-0.385,-0.195
1829,5.081,-0.385,-0.2
1830,5.083,-0.375,-0.195
1831,5.086,-0.37,-0.19
1832,5.0889999999999995,-0.37,-0.195
1833,5.092,-0.385,-0.2
1834,5.093999999999999,-0.395,-0.2
1835,5.0969999999999995,-0.385,-0.19
1836,5.1,-0.385,-0.18
1837,5.103,-0.39,-0.185
1838,5.106,-0.385,-0.195
1839,5.1080000000000005,-0.395,-0.21
1840,5.111000000000001,-0.41,-0.21
1841,5.114,-0.4,-0.175
1842,5.117,-0.395,-0.19
1843,5.119,-0.38,-0.185
1844,5.122000000000001,-0.395,-0.185
1845,5.125,-0.395,-0.195
1846,5.127999999999999,-0.4,-0.2
1847,5.131,-0.4,-0.195
1848,5.132999999999999,-0.395,-0.18
1849,5.136,-0.39,-0.19
1850,5.138999999999999,-0.39,-0.195
1851,5.142,-0.395,-0.19
1852,5.144,-0.405,-0.195
1853,5.147,-0.39,-0.175
1854,5.15,-0.385,-0.175
1855,5.153,-0.375,-0.185
1856,5.156000000000001,-0.375,-0.19
1857,5.1579999999999995,-0.38,-0.195
1858,5.1610000000000005,-0.39,-0.19
1859,5.164,-0.385,-0.185
1860,5.167000000000001,-0.37,-0.17
1861,5.169,-0.37,-0.17
1862,5.172000000000001,-0.37,-0.19
1863,5.175,-0.375,-0.2
1864,5.178,-0.385,-0.2
1865,5.181,-0.37,-0.18
1866,5.183,-0.39,-0.175
1867,5.186,-0.375,-0.195
1868,5.189,-0.37,-0.175
1869,5.192,-0.38,-0.19
1870,5.194,-0.39,-0.19
1871,5.197,-0.39,-0.19
1872,5.2,-0.385,-0.18
1873,5.202999999999999,-0.375,-0.19
1874,5.206,-0.375,-0.21
1875,5.207999999999999,-0.385,-0.205
1876,5.211,-0.395,-0.2
1877,5.2139999999999995,-0.39,-0.21
1878,5.2170000000000005,-0.385,-0.195
1879,5.218999999999999,-0.375,-0.205
1880,5.222,-0.38,-0.215
1881,5.225,-0.385,-0.23
1882,5.228,-0.39,-0.215
1883,5.231,-0.38,-0.225
1884,5.233,-0.38,-0.205
1885,5.236000000000001,-0.37,-0.215
1886,5.239,-0.37,-0.235
1887,5.242000000000001,-0.365,-0.245
1888,5.244,-0.39,-0.245
1889,5.247000000000001,-0.365,-0.24
1890,5.25,-0.365,-0.245
1891,5.252999999999999,-0.36,-0.235
1892,5.256,-0.375,-0.26
1893,5.257999999999999,-0.38,-0.265
1894,5.261,-0.4,-0.27
1895,5.263999999999999,-0.39,-0.265
1896,5.267,-0.375,-0.265
1897,5.269,-0.375,-0.27
1898,5.272,-0.37,-0.285
1899,5.275,-0.385,-0.3
1900,5.278,-0.39,-0.295
1901,5.281000000000001,-0.39,-0.295
1902,5.2829999999999995,-0.39,-0.295
1903,5.2860000000000005,-0.39,-0.305
1904,5.289,-0.375,-0.31
1905,5.292000000000001,-0.385,-0.32
1906,5.294,-0.395,-0.325
1907,5.297000000000001,-0.38,-0.32
1908,5.3,-0.37,-0.31
1909,5.303,-0.375,-0.32
1910,5.306,-0.375,-0.32
1911,5.308,-0.39,-0.325
1912,5.311,-0.405,-0.31
1913,5.314,-0.375,-0.28
1914,5.317,-0.37,-0.28
1915,5.319,-0.36,-0.28
1916,5.322,-0.375,-0.265
1917,5.325,-0.385,-0.265
1918,5.327999999999999,-0.38,-0.25
1919,5.331,-0.37,-0.225
1920,5.332999999999999,-0.36,-0.2
1921,5.336,-0.345,-0.195
1922,5.3389999999999995,-0.345,-0.19
1923,5.3420000000000005,-0.33,-0.18
1924,5.343999999999999,-0.33,-0.17
1925,5.347,-0.315,-0.15
1926,5.35,-0.31,-0.135
1927,5.353,-0.295,-0.115
1928,5.356,-0.285,-0.125
1929,5.358,-0.285,-0.13
1930,5.361000000000001,-0.295,-0.12
1931,5.364,-0.28,-0.105
1932,5.367000000000001,-0.27,-0.1
1933,5.369,-0.28,-0.1
1934,5.372000000000001,-0.28,-0.1
1935,5.375,-0.28,-0.115
1936,5.377999999999999,-0.29,-0.12
1937,5.381,-0.29,-0.105
1938,5.382999999999999,-0.28,-0.1
1939,5.386,-0.275,-0.105
1940,5.388999999999999,-0.28,-0.115
1941,5.392,-0.285,-0.12
1942,5.394,-0.29,-0.11
1943,5.397,-0.29,-0.105
1944,5.4,-0.28,-0.095
1945,5.403,-0.28,-0.1
1946,5.406000000000001,-0.285,-0.11
1947,5.4079999999999995,-0.29,-0.12
1948,5.4110000000000005,-0.3,-0.12
1949,5.414,-0.295,-0.115
1950,5.417000000000001,-0.285,-0.105
1951,5.419,-0.28,-0.105
1952,5.422000000000001,-0.285,-0.095
1953,5.425,-0.285,-0.105
1954,5.428,-0.295,-0.12
1955,5.431,-0.285,-0.115
1956,5.433,-0.28,-0.105
1957,5.436,-0.275,-0.11
1958,5.439,-0.28,-0.125
1959,5.442,-0.29,-0.115
1960,5.444,-0.31,-0.13
1961,5.447,-0.305,-0.115
1962,5.45,-0.285,-0.095
1963,5.452999999999999,-0.27,-0.1
1964,5.456,-0.27,-0.11
1965,5.457999999999999,-0.275,-0.115
1966,5.461,-0.285,-0.115
1967,5.4639999999999995,-0.285,-0.105
1968,5.4670000000000005,-0.27,-0.1
1969,5.468999999999999,-0.265,-0.11
1970,5.472,-0.265,-0.1
1971,5.475,-0.265,-0.1
1972,5.478,-0.28,-0.105
1973,5.481,-0.265,-0.095
1974,5.483,-0.245,-0.095
1975,5.486000000000001,-0.235,-0.095
1976,5.489,-0.235,-0.11
1977,5.492000000000001,-0.25,-0.115
1978,5.494,-0.25,-0.11
1979,5.497000000000001,-0.245,-0.105
1980,5.5,-0.215,-0.105
1981,5.502999999999999,-0.22,-0.115
1982,5.506,-0.245,-0.115
1983,5.507999999999999,-0.255,-0.135
1984,5.511,-0.23,-0.125
1985,5.513999999999999,-0.205,-0.135
1986,5.517,-0.21,-0.125
1987,5.519,-0.22,-0.13
1988,5.522,-0.23,-0.15
1989,5.525,-0.24,-0.155
1990,5.528,-0.24,-0.165
1991,5.531000000000001,-0.245,-0.165
1992,5.5329999999999995,-0.25,-0.17
1993,5.5360000000000005,-0.27,-0.175
1994,5.539,-0.285,-0.17
1995,5.542000000000001,-0.315,-0.175
1996,5.544,-0.32,-0.17
1997,5.547000000000001,-0.32,-0.165
1998,5.55,-0.31,-0.16
1999,5.553,-0.33,-0.16
2000,5.556,-0.34,-0.17
2001,5.558,-0.345,-0.18
2002,5.561,-0.36,-0.17
2003,5.564,-0.365,-0.155
2004,5.567,-0.36,-0.155
2005,5.569,-0.35,-0.16
2006,5.572,-0.355,-0.16
2007,5.575,-0.375,-0.175
2008,5.577999999999999,-0.385,-0.17
2009,5.581,-0.375,-0.155
2010,5.582999999999999,-0.37,-0.15
2011,5.586,-0.365,-0.16
2012,5.5889999999999995,-0.365,-0.155
2013,5.5920000000000005,-0.37,-0.165
2014,5.593999999999999,-0.38,-0.16
2015,5.597,-0.36,-0.15
2016,5.6,-0.35,-0.15
2017,5.603,-0.355,-0.145
2018,5.606,-0.355,-0.155
2019,5.608,-0.35,-0.165
2020,5.611000000000001,-0.365,-0.155
2021,5.614,-0.35,-0.135
2022,5.617000000000001,-0.35,-0.13
2023,5.619,-0.34,-0.145
2024,5.622000000000001,-0.355,-0.155
2025,5.625,-0.35,-0.16
2026,5.627999999999999,-0.375,-0.16
2027,5.631,-0.365,-0.175
2028,5.632999999999999,-0.375,-0.19
2029,5.636,-0.4,-0.235
2030,5.638999999999999,-0.43,-0.25
2031,5.642,-0.475,-0.295
2032,5.644,-0.52,-0.315
2033,5.647,-0.52,-0.295
2034,5.65,-0.55,-0.19
2035,5.653,-0.57,-0.085
2036,5.656000000000001,-0.54,0.06
2037,5.6579999999999995,-0.445,0.175
2038,5.6610000000000005,-0.305,0.265
2039,5.664,-0.14,0.38
2040,5.667000000000001,0.025,0.485
2041,5.669,0.26,0.59
2042,5.672000000000001,0.51,0.665
2043,5.675,0.735,0.665
2044,5.678,0.845,0.5
2045,5.681,0.875,0.205
2046,5.683,0.735,-0.075
2047,5.686,0.4,-0.215
2048,5.689,-0.025,-0.205
2049,5.692,-0.335,-0.18
2050,5.694,-0.48,-0.175
2051,5.697,-0.47,-0.165
2052,5.7,-0.415,-0.145
2053,5.702999999999999,-0.375,-0.145
2054,5.706,-0.365,-0.16
2055,5.707999999999999,-0.385,-0.165
2056,5.711,-0.4,-0.17
2057,5.7139999999999995,-0.38,-0.155
2058,5.7170000000000005,-0.39,-0.155
2059,5.718999999999999,-0.375,-0.155
2060,5.722,-0.385,-0.17
2061,5.725,-0.395,-0.175
2062,5.728,-0.405,-0.17
2063,5.731,-0.39,-0.155
2064,5.733,-0.38,-0.155
2065,5.736000000000001,-0.385,-0.16
2066,5.739,-0.385,-0.165
2067,5.742000000000001,-0.395,-0.18
2068,5.744,-0.4,-0.175
2069,5.747000000000001,-0.405,-0.17
2070,5.75,-0.4,-0.16
2071,5.752999999999999,-0.39,-0.16
2072,5.756,-0.39,-0.17
2073,5.757999999999999,-0.395,-0.18
2074,5.761,-0.4,-0.18
2075,5.763999999999999,-0.39,-0.17
2076,5.767,-0.385,-0.165
2077,5.769,-0.39,-0.165
2078,5.772,-0.385,-0.175
2079,5.775,-0.41,-0.18
2080,5.778,-0.42,-0.185
2081,5.781000000000001,-0.405,-0.17
2082,5.7829999999999995,-0.41,-0.16
2083,5.7860000000000005,-0.39,-0.165
2084,5.789,-0.39,-0.175
2085,5.792000000000001,-0.39,-0.175
2086,5.794,-0.4,-0.175
2087,5.797000000000001,-0.4,-0.18
2088,5.8,-0.39,-0.17
2089,5.803,-0.375,-0.16
2090,5.806,-0.38,-0.17
2091,5.808,-0.395,-0.18
2092,5.811,-0.4,-0.185
2093,5.814,-0.39,-0.17
2094,5.817,-0.4,-0.16
2095,5.819,-0.39,-0.18
2096,5.822,-0.395,-0.18
2097,5.825,-0.41,-0.185
2098,5.827999999999999,-0.415,-0.185
2099,5.831,-0.405,-0.165
2100,5.832999999999999,-0.385,-0.155
2101,5.836,-0.385,-0.17
2102,5.8389999999999995,-0.38,-0.175
2103,5.8420000000000005,-0.4,-0.195
2104,5.843999999999999,-0.4,-0.195
2105,5.847,-0.395,-0.19
2106,5.85,-0.39,-0.175
2107,5.853,-0.38,-0.175
2108,5.856,-0.375,-0.19
2109,5.858,-0.395,-0.19
2110,5.861000000000001,-0.395,-0.19
2111,5.864,-0.385,-0.185
2112,5.867000000000001,-0.38,-0.19
2113,5.869,-0.375,-0.215
2114,5.872000000000001,-0.385,-0.22
2115,5.875,-0.39,-0.215
2116,5.877999999999999,-0.4,-0.225
2117,5.881,-0.4,-0.215
2118,5.882999999999999,-0.385,-0.2
2119,5.886,-0.38,-0.23
2120,5.888999999999999,-0.395,-0.225
2121,5.892,-0.39,-0.245
2122,5.894,-0.4,-0.24
2123,5.897,-0.395,-0.245
2124,5.9,-0.385,-0.22
2125,5.903,-0.38,-0.245
2126,5.906000000000001,-0.385,-0.26
2127,5.9079999999999995,-0.395,-0.28
2128,5.9110000000000005,-0.405,-0.28
2129,5.914,-0.4,-0.285
2130,5.917000000000001,-0.39,-0.27
2131,5.919,-0.38,-0.285
2132,5.922000000000001,-0.38,-0.295
2133,5.925,-0.385,-0.305
2134,5.928,-0.405,-0.305
2135,5.931,-0.395,-0.315
2136,5.933,-0.4,-0.305
2137,5.936,-0.39,-0.31
2138,5.939,-0.4,-0.33
2139,5.942,-0.405,-0.325
2140,5.944,-0.425,-0.33
2141,5.947,-0.42,-0.315
2142,5.95,-0.405,-0.31
2143,5.952999999999999,-0.4,-0.315
2144,5.956,-0.405,-0.31
2145,5.957999999999999,-0.405,-0.32
2146,5.961,-0.415,-0.305
2147,5.9639999999999995,-0.4,-0.29
2148,5.9670000000000005,-0.39,-0.275
2149,5.968999999999999,-0.38,-0.27
2150,5.972,-0.385,-0.265
2151,5.975,-0.395,-0.265
2152,5.978,-0.405,-0.255
2153,5.981,-0.39,-0.245
2154,5.983,-0.37,-0.225
2155,5.986000000000001,-0.37,-0.215
2156,5.989,-0.37,-0.215
2157,5.992000000000001,-0.385,-0.215
2158,5.994,-0.37,-0.21
2159,5.997000000000001,-0.355,-0.205
2160,6.0,-0.345,-0.185
2161,6.002999999999999,-0.34,-0.18
2162,6.006,-0.335,-0.19
2163,6.007999999999999,-0.34,-0.19
2164,6.011,-0.355,-0.17
2165,6.013999999999999,-0.335,-0.155
2166,6.017,-0.325,-0.14
2167,6.019,-0.31,-0.145
2168,6.022,-0.305,-0.165
2169,6.025,-0.305,-0.16
2170,6.028,-0.32,-0.16
2171,6.031000000000001,-0.315,-0.15
2172,6.0329999999999995,-0.31,-0.145
2173,6.0360000000000005,-0.305,-0.14
2174,6.039,-0.305,-0.15
2175,6.042000000000001,-0.33,-0.15
2176,6.044,-0.325,-0.17
2177,6.047000000000001,-0.345,-0.155
2178,6.05,-0.325,-0.145
2179,6.053,-0.315,-0.13
2180,6.056,-0.315,-0.14
2181,6.058,-0.305,-0.15
2182,6.061,-0.31,-0.145
2183,6.064,-0.31,-0.15
2184,6.067,-0.3,-0.135
2185,6.069,-0.305,-0.14
2186,6.072,-0.305,-0.155
2187,6.075,-0.315,-0.15
2188,6.077999999999999,-0.32,-0.165
2189,6.081,-0.325,-0.145
2190,6.082999999999999,-0.315,-0.145
2191,6.086,-0.305,-0.155
2192,6.0889999999999995,-0.315,-0.16
2193,6.0920000000000005,-0.325,-0.16
2194,6.093999999999999,-0.325,-0.175
2195,6.097,-0.33,-0.155
2196,6.1,-0.315,-0.155
2197,6.103,-0.315,-0.15
2198,6.106,-0.31,-0.16
2199,6.108,-0.33,-0.165
2200,6.111000000000001,-0.34,-0.165
2201,6.114,-0.335,-0.175
2202,6.117000000000001,-0.33,-0.165
2203,6.119,-0.345,-0.165
2204,6.122000000000001,-0.355,-0.165
2205,6.125,-0.365,-0.17
2206,6.127999999999999,-0.37,-0.165
2207,6.131,-0.345,-0.16
2208,6.132999999999999,-0.34,-0.16
2209,6.136,-0.34,-0.165
2210,6.138999999999999,-0.345,-0.17
2211,6.142,-0.36,-0.195
2212,6.144,-0.365,-0.185
2213,6.147,-0.36,-0.18
2214,6.15,-0.36,-0.17
2215,6.153,-0.345,-0.165
2216,6.156000000000001,-0.355,-0.185
2217,6.1579999999999995,-0.365,-0.18
2218,6.1610000000000005,-0.35,-0.185
2219,6.164,-0.36,-0.17
2220,6.167000000000001,-0.35,-0.175
2221,6.169,-0.34,-0.175
2222,6.172000000000001,-0.345,-0.175
2223,6.175,-0.355,-0.18
2224,6.178,-0.37,-0.175
2225,6.181,-0.35,-0.155
2226,6.183,-0.35,-0.16
2227,6.186,-0.35,-0.17
2228,6.189,-0.345,-0.18
2229,6.192,-0.35,-0.2
2230,6.194,-0.355,-0.195
2231,6.197,-0.36,-0.165
2232,6.2,-0.345,-0.16
2233,6.202999999999999,-0.355,-0.16
2234,6.206,-0.35,-0.165
2235,6.207999999999999,-0.36,-0.185
2236,6.211,-0.37,-0.19
2237,6.2139999999999995,-0.355,-0.18
2238,6.2170000000000005,-0.355,-0.17
2239,6.218999999999999,-0.35,-0.17
2240,6.222,-0.355,-0.17
2241,6.225,-0.36,-0.18
2242,6.228,-0.39,-0.18
2243,6.231,-0.385,-0.17
2244,6.233,-0.36,-0.18
2245,6.236000000000001,-0.36,-0.18
2246,6.239,-0.37,-0.2
2247,6.242000000000001,-0.37,-0.195
2248,6.244,-0.39,-0.195
2249,6.247000000000001,-0.375,-0.155
2250,6.25,-0.37,-0.145
2251,6.252999999999999,-0.35,-0.165
2252,6.256,-0.34,-0.18
2253,6.257999999999999,-0.345,-0.185
2254,6.261,-0.36,-0.18
2255,6.263999999999999,-0.36,-0.17
2256,6.267,-0.35,-0.16
2257,6.269,-0.35,-0.16
2258,6.272,-0.335,-0.17
2259,6.275,-0.36,-0.18
2260,6.278,-0.365,-0.19
2261,6.281000000000001,-0.365,-0.18
2262,6.2829999999999995,-0.36,-0.165
2263,6.2860000000000005,-0.36,-0.17
2264,6.289,-0.365,-0.185
2265,6.292000000000001,-0.375,-0.195
2266,6.294,-0.385,-0.185
2267,6.297000000000001,-0.385,-0.185
2268,6.3,-0.365,-0.185
2269,6.303,-0.37,-0.185
2270,6.306,-0.375,-0.19
2271,6.308,-0.37,-0.18
2272,6.311,-0.375,-0.19
2273,6.314,-0.365,-0.19
2274,6.317,-0.355,-0.18
2275,6.319,-0.355,-0.19
2276,6.322,-0.36,-0.19
2277,6.325,-0.365,-0.195
2278,6.327999999999999,-0.37,-0.195
2279,6.331,-0.36,-0.185
2280,6.332999999999999,-0.35,-0.175
2281,6.336,-0.34,-0.195
2282,6.3389999999999995,-0.345,-0.18
2283,6.3420000000000005,-0.34,-0.18
2284,6.343999999999999,-0.35,-0.185
2285,6.347,-0.345,-0.19
2286,6.35,-0.35,-0.175
2287,6.353,-0.36,-0.19
2288,6.356,-0.35,-0.19
2289,6.358,-0.36,-0.21
2290,6.361000000000001,-0.37,-0.205
2291,6.364,-0.36,-0.185
2292,6.367000000000001,-0.36,-0.18
2293,6.369,-0.355,-0.18
2294,6.372000000000001,-0.36,-0.19
2295,6.375,-0.375,-0.215
2296,6.377999999999999,-0.375,-0.22
2297,6.381,-0.37,-0.205
2298,6.382999999999999,-0.35,-0.195
2299,6.386,-0.355,-0.19
2300,6.388999999999999,-0.36,-0.195
2301,6.392,-0.365,-0.215
2302,6.394,-0.375,-0.235
2303,6.397,-0.37,-0.21
2304,6.4,-0.365,-0.2
2305,6.403,-0.36,-0.21
2306,6.406000000000001,-0.355,-0.205
2307,6.4079999999999995,-0.36,-0.215
2308,6.4110000000000005,-0.36,-0.215
2309,6.414,-0.35,-0.205
2310,6.417000000000001,-0.34,-0.2
2311,6.419,-0.345,-0.19
2312,6.422000000000001,-0.345,-0.22
2313,6.425,-0.355,-0.225
2314,6.428,-0.36,-0.225
2315,6.431,-0.36,-0.205
2316,6.433,-0.365,-0.2
2317,6.436,-0.345,-0.205
2318,6.439,-0.355,-0.205
2319,6.442,-0.35,-0.21
2320,6.444,-0.36,-0.21
2321,6.447,-0.355,-0.195
2322,6.45,-0.36,-0.195
2323,6.452999999999999,-0.345,-0.195
2324,6.456,-0.335,-0.2
2325,6.457999999999999,-0.33,-0.225
2326,6.461,-0.33,-0.225
2327,6.4639999999999995,-0.31,-0.205
2328,6.4670000000000005,-0.305,-0.19
2329,6.468999999999999,-0.3,-0.195
2330,6.472,-0.305,-0.19
2331,6.475,-0.295,-0.2
2332,6.478,-0.305,-0.185
2333,6.481,-0.285,-0.18
2334,6.483,-0.275,-0.165
2335,6.486000000000001,-0.265,-0.17
2336,6.489,-0.255,-0.18
2337,6.492000000000001,-0.255,-0.175
2338,6.494,-0.26,-0.17
2339,6.497000000000001,-0.265,-0.165
2340,6.5,-0.255,-0.15
2341,6.502999999999999,-0.255,-0.155
2342,6.506,-0.26,-0.165
2343,6.507999999999999,-0.28,-0.17
2344,6.511,-0.29,-0.165
2345,6.513999999999999,-0.28,-0.165
2346,6.517,-0.27,-0.155
2347,6.519,-0.255,-0.17
2348,6.522,-0.275,-0.18
2349,6.525,-0.29,-0.17
2350,6.528,-0.32,-0.165
2351,6.531000000000001,-0.3,-0.16
2352,6.5329999999999995,-0.295,-0.16
2353,6.5360000000000005,-0.27,-0.18
2354,6.539,-0.265,-0.19
2355,6.542000000000001,-0.27,-0.205
2356,6.544,-0.285,-0.19
2357,6.547000000000001,-0.3,-0.19
2358,6.55,-0.31,-0.17
2359,6.553,-0.315,-0.185
2360,6.556,-0.32,-0.19
2361,6.558,-0.35,-0.195
2362,6.561,-0.37,-0.225
2363,6.564,-0.365,-0.215
2364,6.567,-0.365,-0.2
2365,6.569,-0.365,-0.205
2366,6.572,-0.37,-0.205
2367,6.575,-0.37,-0.205
2368,6.577999999999999,-0.37,-0.22
2369,6.581,-0.38,-0.21
2370,6.582999999999999,-0.36,-0.21
2371,6.586,-0.375,-0.21
2372,6.5889999999999995,-0.375,-0.215
2373,6.5920000000000005,-0.4,-0.225
2374,6.593999999999999,-0.42,-0.235
2375,6.597,-0.405,-0.23
2376,6.6,-0.4,-0.205
2377,6.603,-0.385,-0.215
2378,6.606,-0.38,-0.225
2379,6.608,-0.4,-0.225
2380,6.611000000000001,-0.415,-0.22
2381,6.614,-0.405,-0.22
2382,6.617000000000001,-0.395,-0.215
2383,6.619,-0.395,-0.225
2384,6.622000000000001,-0.395,-0.225
2385,6.625,-0.41,-0.255
2386,6.627999999999999,-0.43,-0.275
2387,6.631,-0.44,-0.29
2388,6.632999999999999,-0.455,-0.29
2389,6.636,-0.49,-0.315
2390,6.638999999999999,-0.485,-0.33
2391,6.642,-0.52,-0.305
2392,6.644,-0.57,-0.245
2393,6.647,-0.575,-0.115
2394,6.65,-0.525,-0.025
2395,6.653,-0.42,0.03
2396,6.656000000000001,-0.305,0.08
2397,6.6579999999999995,-0.19,0.155
2398,6.6610000000000005,-0.02,0.265
2399,6.664,0.22,0.385
2400,6.667000000000001,0.485,0.5
2401,6.669,0.715,0.545
2402,6.672000000000001,0.845,0.45
2403,6.675,0.885,0.215
2404,6.678,0.79,-0.09
2405,6.681,0.56,-0.325
2406,6.683,0.225,-0.39
2407,6.686,-0.07,-0.385
2408,6.689,-0.285,-0.365
2409,6.692,-0.425,-0.335
2410,6.694,-0.5,-0.295
2411,6.697,-0.55,-0.285
2412,6.7,-0.535,-0.27
2413,6.702999999999999,-0.5,-0.265
2414,6.706,-0.465,-0.27
2415,6.707999999999999,-0.45,-0.275
2416,6.711,-0.45,-0.285
2417,6.7139999999999995,-0.435,-0.265
2418,6.7170000000000005,-0.42,-0.25
2419,6.718999999999999,-0.41,-0.26
2420,6.722,-0.41,-0.26
2421,6.725,-0.415,-0.265
2422,6.728,-0.42,-0.27
2423,6.731,-0.425,-0.265
2424,6.733,-0.42,-0.245
2425,6.736000000000001,-0.43,-0.26
2426,6.739,-0.43,-0.255
2427,6.742000000000001,-0.44,-0.28
2428,6.744,-0.45,-0.26
2429,6.747000000000001,-0.45,-0.25
2430,6.75,-0.43,-0.25
2431,6.752999999999999,-0.43,-0.255
2432,6.756,-0.43,-0.255
2433,6.757999999999999,-0.445,-0.26
2434,6.761,-0.445,-0.26
2435,6.763999999999999,-0.44,-0.255
2436,6.767,-0.425,-0.225
2437,6.769,-0.43,-0.24
2438,6.772,-0.43,-0.245
2439,6.775,-0.425,-0.265
2440,6.778,-0.445,-0.275
2441,6.781000000000001,-0.445,-0.25
2442,6.7829999999999995,-0.43,-0.245
2443,6.7860000000000005,-0.435,-0.23
2444,6.789,-0.435,-0.24
2445,6.792000000000001,-0.445,-0.255
2446,6.794,-0.445,-0.25
2447,6.797000000000001,-0.435,-0.25
2448,6.8,-0.43,-0.245
2449,6.803,-0.425,-0.235
2450,6.806,-0.43,-0.24
2451,6.808,-0.43,-0.25
2452,6.811,-0.44,-0.25
2453,6.814,-0.42,-0.245
2454,6.817,-0.43,-0.22
2455,6.819,-0.425,-0.245
2456,6.822,-0.43,-0.245
2457,6.825,-0.44,-0.24
2458,6.827999999999999,-0.44,-0.255
2459,6.831,-0.43,-0.245
2460,6.832999999999999,-0.43,-0.225
2461,6.836,-0.415,-0.24
2462,6.8389999999999995,-0.425,-0.25
2463,6.8420000000000005,-0.43,-0.26
2464,6.843999999999999,-0.455,-0.265
2465,6.847,-0.445,-0.255
2466,6.85,-0.445,-0.24
2467,6.853,-0.43,-0.25
2468,6.856,-0.43,-0.25
2469,6.858,-0.44,-0.265
2470,6.861000000000001,-0.44,-0.26
2471,6.864,-0.435,-0.26
2472,6.867000000000001,-0.43,-0.265
2473,6.869,-0.415,-0.275
2474,6.872000000000001,-0.415,-0.27
2475,6.875,-0.425,-0.27
2476,6.877999999999999,-0.425,-0.27
2477,6.881,-0.42,-0.27
2478,6.882999999999999,-0.405,-0.245
2479,6.886,-0.405,-0.265
2480,6.888999999999999,-0.415,-0.265
2481,6.892,-0.415,-0.27
2482,6.894,-0.425,-0.285
2483,6.897,-0.43,-0.26
2484,6.9,-0.405,-0.245
2485,6.903,-0.405,-0.255
2486,6.906000000000001,-0.405,-0.265
2487,6.9079999999999995,-0.405,-0.285
2488,6.9110000000000005,-0.43,-0.295
2489,6.914,-0.415,-0.3
2490,6.917000000000001,-0.41,-0.295
2491,6.919,-0.415,-0.285
2492,6.922000000000001,-0.43,-0.32
2493,6.925,-0.445,-0.325
2494,6.928,-0.465,-0.335
2495,6.931,-0.46,-0.335
2496,6.933,-0.45,-0.33
2497,6.936,-0.455,-0.35
2498,6.939,-0.46,-0.345
2499,6.942,-0.465,-0.365
